user_id,timestamp,ip,location,status,is_failed,flag_brute_force,hour,flag_odd_hour,prev_location,prev_time,flag_geo_shift,flag_ml_anomaly,risk_score,risk_level,reason
user_1,2026-04-22 15:42:58.317009,192.168.1.19,Tokyo,Failed,1,0,15,0,,,0,0,0,Low,Normal activity
user_1,2026-04-22 21:37:58.317009,192.168.1.28,Sydney,Success,0,0,21,0,Tokyo,2026-04-22 15:42:58.317009,0,1,20,Low,Anomalous pattern (ML)
user_1,2026-04-22 22:49:58.317009,192.168.1.36,Sydney,Success,0,0,22,0,Sydney,2026-04-22 21:37:58.317009,0,1,20,Low,Anomalous pattern (ML)
user_1,2026-04-22 23:26:58.317009,192.168.1.43,New York,Success,0,0,23,0,Sydney,2026-04-22 22:49:58.317009,1,1,50,Medium,"Impossible travel detected, Anomalous pattern (ML)"
user_1,2026-04-23 00:05:58.317009,192.168.1.17,Sydney,Success,0,0,0,1,New York,2026-04-22 23:26:58.317009,1,1,60,Medium,"Impossible travel detected, Anomalous pattern (ML), Login at unusual hour"
user_1,2026-04-23 00:28:58.317009,192.168.1.16,Berlin,Success,0,0,0,1,Sydney,2026-04-23 00:05:58.317009,1,1,60,Medium,"Impossible travel detected, Anomalous pattern (ML), Login at unusual hour"
user_1,2026-04-23 01:18:58.317009,192.168.1.18,Berlin,Failed,1,0,1,1,Berlin,2026-04-23 00:28:58.317009,0,1,30,Medium,"Anomalous pattern (ML), Login at unusual hour"
user_1,2026-04-23 02:06:58.317009,192.168.1.14,London,Success,0,0,2,1,Berlin,2026-04-23 01:18:58.317009,1,1,60,Medium,"Impossible travel detected, Anomalous pattern (ML), Login at unusual hour"
user_1,2026-04-23 02:16:58.317009,192.168.1.15,Sydney,Success,0,0,2,1,London,2026-04-23 02:06:58.317009,1,1,60,Medium,"Impossible travel detected, Anomalous pattern (ML), Login at unusual hour"
user_1,2026-04-23 03:28:58.317009,192.168.1.35,Sydney,Success,0,0,3,1,Sydney,2026-04-23 02:16:58.317009,0,1,30,Medium,"Anomalous pattern (ML), Login at unusual hour"
user_1,2026-04-23 04:05:58.317009,192.168.1.28,Mumbai,Success,0,0,4,1,Sydney,2026-04-23 03:28:58.317009,1,1,60,Medium,"Impossible travel detected, Anomalous pattern (ML), Login at unusual hour"
user_1,2026-04-23 05:56:58.317009,192.168.1.45,Berlin,Success,0,0,5,1,Mumbai,2026-04-23 04:05:58.317009,0,1,30,Medium,"Anomalous pattern (ML), Login at unusual hour"
user_1,2026-04-23 06:13:58.317009,192.168.1.34,London,Success,0,0,6,0,Berlin,2026-04-23 05:56:58.317009,1,1,50,Medium,"Impossible travel detected, Anomalous pattern (ML)"
user_1,2026-04-23 06:56:58.317009,192.168.1.24,Berlin,Success,0,0,6,0,London,2026-04-23 06:13:58.317009,1,1,50,Medium,"Impossible travel detected, Anomalous pattern (ML)"
user_1,2026-04-23 08:18:58.317009,192.168.1.38,London,Success,0,0,8,0,Berlin,2026-04-23 06:56:58.317009,0,1,20,Low,Anomalous pattern (ML)
user_1,2026-04-23 08:52:58.317009,192.168.1.29,Mumbai,Success,0,0,8,0,London,2026-04-23 08:18:58.317009,1,1,50,Medium,"Impossible travel detected, Anomalous pattern (ML)"
user_1,2026-04-23 12:10:58.317009,192.168.1.11,London,Failed,1,0,12,0,Mumbai,2026-04-23 08:52:58.317009,0,0,0,Low,Normal activity
user_1,2026-04-23 12:53:58.317009,192.168.1.3,London,Success,0,0,12,0,London,2026-04-23 12:10:58.317009,0,0,0,Low,Normal activity
user_1,2026-04-23 12:54:58.317009,192.168.1.34,New York,Success,0,0,12,0,London,2026-04-23 12:53:58.317009,1,1,50,Medium,"Impossible travel detected, Anomalous pattern (ML)"
user_1,2026-04-23 13:41:58.317009,192.168.1.9,New York,Failed,1,0,13,0,New York,2026-04-23 12:54:58.317009,0,1,20,Low,Anomalous pattern (ML)
user_1,2026-04-23 14:31:58.317009,192.168.1.44,New York,Success,0,0,14,0,New York,2026-04-23 13:41:58.317009,0,1,20,Low,Anomalous pattern (ML)
user_1,2026-04-23 15:41:58.317009,192.168.1.39,London,Failed,1,0,15,0,New York,2026-04-23 14:31:58.317009,0,1,20,Low,Anomalous pattern (ML)
user_1,2026-04-23 15:50:58.317009,192.168.1.48,Tokyo,Success,0,0,15,0,London,2026-04-23 15:41:58.317009,1,0,30,Medium,Impossible travel detected
user_1,2026-04-23 16:59:58.317009,192.168.1.7,Sydney,Success,0,0,16,0,Tokyo,2026-04-23 15:50:58.317009,0,1,20,Low,Anomalous pattern (ML)
user_1,2026-04-23 19:47:58.317009,192.168.1.22,Sydney,Success,0,0,19,0,Sydney,2026-04-23 16:59:58.317009,0,1,20,Low,Anomalous pattern (ML)
user_1,2026-04-23 20:06:58.317009,192.168.1.49,New York,Success,0,0,20,0,Sydney,2026-04-23 19:47:58.317009,1,1,50,Medium,"Impossible travel detected, Anomalous pattern (ML)"
user_1,2026-04-24 02:06:58.317009,192.168.1.46,Tokyo,Success,0,0,2,1,New York,2026-04-23 20:06:58.317009,0,1,30,Medium,"Anomalous pattern (ML), Login at unusual hour"
user_1,2026-04-24 03:26:58.317009,192.168.1.1,Berlin,Failed,1,0,3,1,Tokyo,2026-04-24 02:06:58.317009,0,1,30,Medium,"Anomalous pattern (ML), Login at unusual hour"
user_1,2026-04-24 06:42:58.317009,192.168.1.7,Mumbai,Success,0,0,6,0,Berlin,2026-04-24 03:26:58.317009,0,1,20,Low,Anomalous pattern (ML)
user_1,2026-04-24 07:17:58.317009,192.168.1.48,Paris,Success,0,0,7,0,Mumbai,2026-04-24 06:42:58.317009,1,1,50,Medium,"Impossible travel detected, Anomalous pattern (ML)"
user_1,2026-04-24 08:58:58.317009,192.168.1.47,Sydney,Success,0,0,8,0,Paris,2026-04-24 07:17:58.317009,0,1,20,Low,Anomalous pattern (ML)
user_10,2026-04-22 15:48:58.317009,192.168.1.46,Tokyo,Success,0,0,15,0,,,0,1,20,Low,Anomalous pattern (ML)
user_10,2026-04-22 16:50:58.317009,192.168.1.48,Sydney,Failed,1,0,16,0,Tokyo,2026-04-22 15:48:58.317009,0,1,20,Low,Anomalous pattern (ML)
user_10,2026-04-22 17:34:58.317009,192.168.1.49,New York,Success,0,0,17,0,Sydney,2026-04-22 16:50:58.317009,1,1,50,Medium,"Impossible travel detected, Anomalous pattern (ML)"
user_10,2026-04-22 18:32:58.317009,192.168.1.2,Berlin,Success,0,0,18,0,New York,2026-04-22 17:34:58.317009,1,1,50,Medium,"Impossible travel detected, Anomalous pattern (ML)"
user_10,2026-04-22 18:39:58.317009,192.168.1.42,Tokyo,Success,0,0,18,0,Berlin,2026-04-22 18:32:58.317009,1,1,50,Medium,"Impossible travel detected, Anomalous pattern (ML)"
user_10,2026-04-22 19:58:58.317009,192.168.1.29,New York,Success,0,0,19,0,Tokyo,2026-04-22 18:39:58.317009,0,1,20,Low,Anomalous pattern (ML)
user_10,2026-04-22 21:24:58.317009,192.168.1.30,London,Success,0,0,21,0,New York,2026-04-22 19:58:58.317009,0,1,20,Low,Anomalous pattern (ML)
user_10,2026-04-22 21:58:58.317009,192.168.1.13,Paris,Success,0,0,21,0,London,2026-04-22 21:24:58.317009,1,1,50,Medium,"Impossible travel detected, Anomalous pattern (ML)"
user_10,2026-04-22 22:18:58.317009,192.168.1.6,Mumbai,Success,0,0,22,0,Paris,2026-04-22 21:58:58.317009,1,1,50,Medium,"Impossible travel detected, Anomalous pattern (ML)"
user_10,2026-04-22 23:16:58.317009,192.168.1.13,Sydney,Success,0,0,23,0,Mumbai,2026-04-22 22:18:58.317009,1,0,30,Medium,Impossible travel detected
user_10,2026-04-23 00:56:58.317009,192.168.1.14,Sydney,Success,0,0,0,1,Sydney,2026-04-22 23:16:58.317009,0,1,30,Medium,"Anomalous pattern (ML), Login at unusual hour"
user_10,2026-04-23 01:23:58.317009,1.1.1.1,New York,Success,0,0,1,1,Sydney,2026-04-23 00:56:58.317009,1,1,60,Medium,"Impossible travel detected, Anomalous pattern (ML), Login at unusual hour"
user_10,2026-04-23 01:28:58.317009,2.2.2.2,Tokyo,Success,0,0,1,1,New York,2026-04-23 01:23:58.317009,1,0,40,Medium,"Impossible travel detected, Login at unusual hour"
user_10,2026-04-23 01:58:58.317009,192.168.1.49,Tokyo,Success,0,0,1,1,Tokyo,2026-04-23 01:28:58.317009,0,0,10,Low,Login at unusual hour
user_10,2026-04-23 04:25:58.317009,192.168.1.15,Mumbai,Failed,1,0,4,1,Tokyo,2026-04-23 01:58:58.317009,0,1,30,Medium,"Anomalous pattern (ML), Login at unusual hour"
user_10,2026-04-23 04:55:58.317009,192.168.1.25,Sydney,Success,0,0,4,1,Mumbai,2026-04-23 04:25:58.317009,1,1,60,Medium,"Impossible travel detected, Anomalous pattern (ML), Login at unusual hour"
user_10,2026-04-23 05:16:58.317009,192.168.1.8,London,Failed,1,0,5,1,Sydney,2026-04-23 04:55:58.317009,1,0,40,Medium,"Impossible travel detected, Login at unusual hour"
user_10,2026-04-23 06:02:58.317009,192.168.1.12,Tokyo,Success,0,0,6,0,London,2026-04-23 05:16:58.317009,1,1,50,Medium,"Impossible travel detected, Anomalous pattern (ML)"
user_10,2026-04-23 06:56:58.317009,192.168.1.25,New York,Success,0,0,6,0,Tokyo,2026-04-23 06:02:58.317009,1,1,50,Medium,"Impossible travel detected, Anomalous pattern (ML)"
user_10,2026-04-23 08:01:58.317009,192.168.1.27,Sydney,Success,0,0,8,0,New York,2026-04-23 06:56:58.317009,0,1,20,Low,Anomalous pattern (ML)
user_10,2026-04-23 09:46:58.317009,192.168.1.44,Mumbai,Success,0,0,9,0,Sydney,2026-04-23 08:01:58.317009,0,1,20,Low,Anomalous pattern (ML)
user_10,2026-04-23 09:52:58.317009,192.168.1.36,Paris,Success,0,0,9,0,Mumbai,2026-04-23 09:46:58.317009,1,1,50,Medium,"Impossible travel detected, Anomalous pattern (ML)"
user_10,2026-04-23 11:34:58.317009,192.168.1.20,London,Success,0,0,11,0,Paris,2026-04-23 09:52:58.317009,0,1,20,Low,Anomalous pattern (ML)
user_10,2026-04-23 15:36:58.317009,192.168.1.21,Mumbai,Failed,1,0,15,0,London,2026-04-23 11:34:58.317009,0,1,20,Low,Anomalous pattern (ML)
user_10,2026-04-23 18:32:58.317009,192.168.1.43,London,Success,0,0,18,0,Mumbai,2026-04-23 15:36:58.317009,0,1,20,Low,Anomalous pattern (ML)
user_10,2026-04-23 19:22:58.317009,192.168.1.8,Tokyo,Success,0,0,19,0,London,2026-04-23 18:32:58.317009,1,1,50,Medium,"Impossible travel detected, Anomalous pattern (ML)"
user_10,2026-04-23 23:05:58.317009,192.168.1.14,Sydney,Success,0,0,23,0,Tokyo,2026-04-23 19:22:58.317009,0,0,0,Low,Normal activity
user_10,2026-04-24 00:26:58.317009,192.168.1.4,London,Success,0,0,0,1,Sydney,2026-04-23 23:05:58.317009,0,1,30,Medium,"Anomalous pattern (ML), Login at unusual hour"
user_10,2026-04-24 01:01:58.317009,192.168.1.27,Tokyo,Success,0,0,1,1,London,2026-04-24 00:26:58.317009,1,0,40,Medium,"Impossible travel detected, Login at unusual hour"
user_10,2026-04-24 02:26:58.317009,192.168.1.29,Berlin,Success,0,0,2,1,Tokyo,2026-04-24 01:01:58.317009,0,1,30,Medium,"Anomalous pattern (ML), Login at unusual hour"
user_10,2026-04-24 05:44:58.317009,192.168.1.28,London,Success,0,0,5,1,Berlin,2026-04-24 02:26:58.317009,0,0,10,Low,Login at unusual hour
user_10,2026-04-24 07:01:58.317009,192.168.1.35,New York,Success,0,0,7,0,London,2026-04-24 05:44:58.317009,0,1,20,Low,Anomalous pattern (ML)
user_10,2026-04-24 07:46:58.317009,192.168.1.15,Sydney,Success,0,0,7,0,New York,2026-04-24 07:01:58.317009,1,1,50,Medium,"Impossible travel detected, Anomalous pattern (ML)"
user_10,2026-04-24 08:09:58.317009,192.168.1.24,Mumbai,Success,0,0,8,0,Sydney,2026-04-24 07:46:58.317009,1,1,50,Medium,"Impossible travel detected, Anomalous pattern (ML)"
user_10,2026-04-24 08:30:58.317009,192.168.1.46,Tokyo,Failed,1,0,8,0,Mumbai,2026-04-24 08:09:58.317009,1,1,50,Medium,"Impossible travel detected, Anomalous pattern (ML)"
user_11,2026-04-22 16:15:58.317009,192.168.1.29,Berlin,Failed,1,0,16,0,,,0,1,20,Low,Anomalous pattern (ML)
user_11,2026-04-22 16:55:58.317009,192.168.1.17,New York,Success,0,0,16,0,Berlin,2026-04-22 16:15:58.317009,1,1,50,Medium,"Impossible travel detected, Anomalous pattern (ML)"
user_11,2026-04-22 21:02:58.317009,192.168.1.25,Mumbai,Success,0,0,21,0,New York,2026-04-22 16:55:58.317009,0,1,20,Low,Anomalous pattern (ML)
user_11,2026-04-22 21:06:58.317009,192.168.1.36,Sydney,Success,0,0,21,0,Mumbai,2026-04-22 21:02:58.317009,1,1,50,Medium,"Impossible travel detected, Anomalous pattern (ML)"
user_11,2026-04-22 23:55:58.317009,192.168.1.13,New York,Success,0,0,23,0,Sydney,2026-04-22 21:06:58.317009,0,1,20,Low,Anomalous pattern (ML)
user_11,2026-04-23 03:43:58.317009,192.168.1.33,New York,Failed,1,0,3,1,New York,2026-04-22 23:55:58.317009,0,1,30,Medium,"Anomalous pattern (ML), Login at unusual hour"
user_11,2026-04-23 05:32:58.317009,192.168.1.43,New York,Success,0,0,5,1,New York,2026-04-23 03:43:58.317009,0,1,30,Medium,"Anomalous pattern (ML), Login at unusual hour"
user_11,2026-04-23 10:01:58.317009,192.168.1.16,Berlin,Success,0,0,10,0,New York,2026-04-23 05:32:58.317009,0,1,20,Low,Anomalous pattern (ML)
user_11,2026-04-23 11:08:58.317009,192.168.1.1,New York,Success,0,0,11,0,Berlin,2026-04-23 10:01:58.317009,0,1,20,Low,Anomalous pattern (ML)
user_11,2026-04-23 17:37:58.317009,192.168.1.7,Mumbai,Success,0,0,17,0,New York,2026-04-23 11:08:58.317009,0,1,20,Low,Anomalous pattern (ML)
user_11,2026-04-23 19:12:58.317009,192.168.1.39,Sydney,Success,0,0,19,0,Mumbai,2026-04-23 17:37:58.317009,0,1,20,Low,Anomalous pattern (ML)
user_11,2026-04-23 22:01:58.317009,192.168.1.4,Paris,Success,0,0,22,0,Sydney,2026-04-23 19:12:58.317009,0,1,20,Low,Anomalous pattern (ML)
user_11,2026-04-23 22:39:58.317009,192.168.1.22,Berlin,Failed,1,0,22,0,Paris,2026-04-23 22:01:58.317009,1,1,50,Medium,"Impossible travel detected, Anomalous pattern (ML)"
user_11,2026-04-24 01:43:58.317009,192.168.1.15,Mumbai,Success,0,0,1,1,Berlin,2026-04-23 22:39:58.317009,0,1,30,Medium,"Anomalous pattern (ML), Login at unusual hour"
user_11,2026-04-24 01:51:58.317009,192.168.1.29,London,Success,0,0,1,1,Mumbai,2026-04-24 01:43:58.317009,1,1,60,Medium,"Impossible travel detected, Anomalous pattern (ML), Login at unusual hour"
user_11,2026-04-24 03:13:58.317009,192.168.1.37,Mumbai,Success,0,0,3,1,London,2026-04-24 01:51:58.317009,0,1,30,Medium,"Anomalous pattern (ML), Login at unusual hour"
user_11,2026-04-24 06:54:58.317009,192.168.1.47,Paris,Success,0,0,6,0,Mumbai,2026-04-24 03:13:58.317009,0,1,20,Low,Anomalous pattern (ML)
user_12,2026-04-22 19:22:58.317009,192.168.1.36,Tokyo,Success,0,0,19,0,,,0,1,20,Low,Anomalous pattern (ML)
user_12,2026-04-22 22:29:58.317009,192.168.1.4,London,Failed,1,0,22,0,Tokyo,2026-04-22 19:22:58.317009,0,1,20,Low,Anomalous pattern (ML)
user_12,2026-04-22 23:33:58.317009,192.168.1.26,Sydney,Success,0,0,23,0,London,2026-04-22 22:29:58.317009,0,0,0,Low,Normal activity
user_12,2026-04-23 00:45:58.317009,192.168.1.20,London,Failed,1,0,0,1,Sydney,2026-04-22 23:33:58.317009,0,1,30,Medium,"Anomalous pattern (ML), Login at unusual hour"
user_12,2026-04-23 02:56:58.317009,192.168.1.21,London,Success,0,0,2,1,London,2026-04-23 00:45:58.317009,0,1,30,Medium,"Anomalous pattern (ML), Login at unusual hour"
user_12,2026-04-23 03:00:58.317009,192.168.1.14,London,Success,0,0,3,1,London,2026-04-23 02:56:58.317009,0,0,10,Low,Login at unusual hour
user_12,2026-04-23 03:29:58.317009,192.168.1.49,Berlin,Success,0,0,3,1,London,2026-04-23 03:00:58.317009,1,0,40,Medium,"Impossible travel detected, Login at unusual hour"
user_12,2026-04-23 04:32:58.317009,192.168.1.24,New York,Success,0,0,4,1,Berlin,2026-04-23 03:29:58.317009,0,1,30,Medium,"Anomalous pattern (ML), Login at unusual hour"
user_12,2026-04-23 04:48:58.317009,192.168.1.11,Tokyo,Success,0,0,4,1,New York,2026-04-23 04:32:58.317009,1,1,60,Medium,"Impossible travel detected, Anomalous pattern (ML), Login at unusual hour"
user_12,2026-04-23 08:00:58.317009,192.168.1.15,Sydney,Success,0,0,8,0,Tokyo,2026-04-23 04:48:58.317009,0,1,20,Low,Anomalous pattern (ML)
user_12,2026-04-23 10:36:58.317009,192.168.1.44,Tokyo,Success,0,0,10,0,Sydney,2026-04-23 08:00:58.317009,0,1,20,Low,Anomalous pattern (ML)
user_12,2026-04-23 11:24:58.317009,192.168.1.6,Tokyo,Success,0,0,11,0,Tokyo,2026-04-23 10:36:58.317009,0,1,20,Low,Anomalous pattern (ML)
user_12,2026-04-23 12:12:58.317009,192.168.1.46,New York,Success,0,0,12,0,Tokyo,2026-04-23 11:24:58.317009,1,1,50,Medium,"Impossible travel detected, Anomalous pattern (ML)"
user_12,2026-04-23 13:51:58.317009,192.168.1.25,Berlin,Success,0,0,13,0,New York,2026-04-23 12:12:58.317009,0,1,20,Low,Anomalous pattern (ML)
user_12,2026-04-23 15:01:58.317009,192.168.1.11,London,Success,0,0,15,0,Berlin,2026-04-23 13:51:58.317009,0,1,20,Low,Anomalous pattern (ML)
user_12,2026-04-23 16:33:58.317009,192.168.1.44,Sydney,Success,0,0,16,0,London,2026-04-23 15:01:58.317009,0,1,20,Low,Anomalous pattern (ML)
user_12,2026-04-23 16:50:58.317009,192.168.1.10,New York,Failed,1,0,16,0,Sydney,2026-04-23 16:33:58.317009,1,1,50,Medium,"Impossible travel detected, Anomalous pattern (ML)"
user_12,2026-04-23 18:51:58.317009,192.168.1.37,Tokyo,Success,0,0,18,0,New York,2026-04-23 16:50:58.317009,0,1,20,Low,Anomalous pattern (ML)
user_12,2026-04-23 19:57:58.317009,192.168.1.33,Paris,Success,0,0,19,0,Tokyo,2026-04-23 18:51:58.317009,0,1,20,Low,Anomalous pattern (ML)
user_12,2026-04-23 23:17:58.317009,192.168.1.15,Sydney,Success,0,0,23,0,Paris,2026-04-23 19:57:58.317009,0,0,0,Low,Normal activity
user_12,2026-04-24 00:03:58.317009,192.168.1.26,Berlin,Success,0,0,0,1,Sydney,2026-04-23 23:17:58.317009,1,1,60,Medium,"Impossible travel detected, Anomalous pattern (ML), Login at unusual hour"
user_12,2026-04-24 03:12:58.317009,192.168.1.39,Berlin,Success,0,0,3,1,Berlin,2026-04-24 00:03:58.317009,0,0,10,Low,Login at unusual hour
user_12,2026-04-24 03:30:58.317009,192.168.1.37,New York,Success,0,0,3,1,Berlin,2026-04-24 03:12:58.317009,1,1,60,Medium,"Impossible travel detected, Anomalous pattern (ML), Login at unusual hour"
user_12,2026-04-24 03:54:58.317009,192.168.1.34,London,Failed,1,0,3,1,New York,2026-04-24 03:30:58.317009,1,0,40,Medium,"Impossible travel detected, Login at unusual hour"
user_12,2026-04-24 04:03:58.317009,192.168.1.11,London,Success,0,0,4,1,London,2026-04-24 03:54:58.317009,0,1,30,Medium,"Anomalous pattern (ML), Login at unusual hour"
user_12,2026-04-24 05:00:58.317009,192.168.1.42,Sydney,Success,0,0,5,1,London,2026-04-24 04:03:58.317009,1,0,40,Medium,"Impossible travel detected, Login at unusual hour"
user_12,2026-04-24 05:24:58.317009,192.168.1.37,Sydney,Success,0,0,5,1,Sydney,2026-04-24 05:00:58.317009,0,0,10,Low,Login at unusual hour
user_12,2026-04-24 07:46:58.317009,192.168.1.13,Mumbai,Success,0,0,7,0,Sydney,2026-04-24 05:24:58.317009,0,1,20,Low,Anomalous pattern (ML)
user_13,2026-04-22 16:20:58.317009,192.168.1.32,Paris,Success,0,0,16,0,,,0,1,20,Low,Anomalous pattern (ML)
user_13,2026-04-22 17:15:58.317009,192.168.1.4,Sydney,Success,0,0,17,0,Paris,2026-04-22 16:20:58.317009,1,1,50,Medium,"Impossible travel detected, Anomalous pattern (ML)"
user_13,2026-04-22 19:04:58.317009,192.168.1.48,Paris,Success,0,0,19,0,Sydney,2026-04-22 17:15:58.317009,0,1,20,Low,Anomalous pattern (ML)
user_13,2026-04-22 20:22:58.317009,192.168.1.45,Paris,Success,0,0,20,0,Paris,2026-04-22 19:04:58.317009,0,1,20,Low,Anomalous pattern (ML)
user_13,2026-04-22 20:41:58.317009,192.168.1.13,London,Failed,1,0,20,0,Paris,2026-04-22 20:22:58.317009,1,1,50,Medium,"Impossible travel detected, Anomalous pattern (ML)"
user_13,2026-04-22 21:33:58.317009,192.168.1.29,New York,Success,0,0,21,0,London,2026-04-22 20:41:58.317009,1,1,50,Medium,"Impossible travel detected, Anomalous pattern (ML)"
user_13,2026-04-22 21:59:58.317009,192.168.1.13,Tokyo,Failed,1,0,21,0,New York,2026-04-22 21:33:58.317009,1,1,50,Medium,"Impossible travel detected, Anomalous pattern (ML)"
user_13,2026-04-22 22:12:58.317009,192.168.1.34,New York,Success,0,0,22,0,Tokyo,2026-04-22 21:59:58.317009,1,0,30,Medium,Impossible travel detected
user_13,2026-04-22 22:58:58.317009,192.168.1.10,London,Success,0,0,22,0,New York,2026-04-22 22:12:58.317009,1,1,50,Medium,"Impossible travel detected, Anomalous pattern (ML)"
user_13,2026-04-22 23:29:58.317009,192.168.1.30,Tokyo,Success,0,0,23,0,London,2026-04-22 22:58:58.317009,1,1,50,Medium,"Impossible travel detected, Anomalous pattern (ML)"
user_13,2026-04-23 01:09:58.317009,192.168.1.6,London,Success,0,0,1,1,Tokyo,2026-04-22 23:29:58.317009,0,1,30,Medium,"Anomalous pattern (ML), Login at unusual hour"
user_13,2026-04-23 01:41:58.317009,192.168.1.14,Mumbai,Success,0,0,1,1,London,2026-04-23 01:09:58.317009,1,1,60,Medium,"Impossible travel detected, Anomalous pattern (ML), Login at unusual hour"
user_13,2026-04-23 02:33:58.317009,192.168.1.10,London,Success,0,0,2,1,Mumbai,2026-04-23 01:41:58.317009,1,1,60,Medium,"Impossible travel detected, Anomalous pattern (ML), Login at unusual hour"
user_13,2026-04-23 04:33:58.317009,192.168.1.44,Tokyo,Failed,1,0,4,1,London,2026-04-23 02:33:58.317009,0,0,10,Low,Login at unusual hour
user_13,2026-04-23 06:17:58.317009,192.168.1.46,New York,Success,0,0,6,0,Tokyo,2026-04-23 04:33:58.317009,0,1,20,Low,Anomalous pattern (ML)
user_13,2026-04-23 10:49:58.317009,192.168.1.12,Sydney,Success,0,0,10,0,New York,2026-04-23 06:17:58.317009,0,1,20,Low,Anomalous pattern (ML)
user_13,2026-04-23 11:50:58.317009,192.168.1.38,Tokyo,Success,0,0,11,0,Sydney,2026-04-23 10:49:58.317009,0,1,20,Low,Anomalous pattern (ML)
user_13,2026-04-23 14:24:58.317009,192.168.1.7,New York,Success,0,0,14,0,Tokyo,2026-04-23 11:50:58.317009,0,1,20,Low,Anomalous pattern (ML)
user_13,2026-04-23 16:46:58.317009,192.168.1.17,Sydney,Success,0,0,16,0,New York,2026-04-23 14:24:58.317009,0,1,20,Low,Anomalous pattern (ML)
user_13,2026-04-23 17:35:58.317009,192.168.1.19,Paris,Success,0,0,17,0,Sydney,2026-04-23 16:46:58.317009,1,1,50,Medium,"Impossible travel detected, Anomalous pattern (ML)"
user_13,2026-04-23 17:49:58.317009,192.168.1.47,New York,Success,0,0,17,0,Paris,2026-04-23 17:35:58.317009,1,1,50,Medium,"Impossible travel detected, Anomalous pattern (ML)"
user_13,2026-04-23 19:26:58.317009,192.168.1.9,Tokyo,Failed,1,0,19,0,New York,2026-04-23 17:49:58.317009,0,1,20,Low,Anomalous pattern (ML)
user_13,2026-04-23 20:53:58.317009,192.168.1.19,New York,Success,0,0,20,0,Tokyo,2026-04-23 19:26:58.317009,0,1,20,Low,Anomalous pattern (ML)
user_13,2026-04-23 20:56:58.317009,192.168.1.25,Mumbai,Success,0,0,20,0,New York,2026-04-23 20:53:58.317009,1,1,50,Medium,"Impossible travel detected, Anomalous pattern (ML)"
user_13,2026-04-23 22:01:58.317009,192.168.1.16,Paris,Success,0,0,22,0,Mumbai,2026-04-23 20:56:58.317009,0,0,0,Low,Normal activity
user_13,2026-04-23 22:31:58.317009,192.168.1.13,Paris,Success,0,0,22,0,Paris,2026-04-23 22:01:58.317009,0,0,0,Low,Normal activity
user_13,2026-04-23 22:33:58.317009,192.168.1.1,New York,Success,0,0,22,0,Paris,2026-04-23 22:31:58.317009,1,0,30,Medium,Impossible travel detected
user_13,2026-04-23 23:28:58.317009,192.168.1.48,Paris,Success,0,0,23,0,New York,2026-04-23 22:33:58.317009,1,1,50,Medium,"Impossible travel detected, Anomalous pattern (ML)"
user_13,2026-04-24 01:32:58.317009,192.168.1.25,Tokyo,Success,0,0,1,1,Paris,2026-04-23 23:28:58.317009,0,1,30,Medium,"Anomalous pattern (ML), Login at unusual hour"
user_13,2026-04-24 02:21:58.317009,192.168.1.35,Tokyo,Success,0,0,2,1,Tokyo,2026-04-24 01:32:58.317009,0,1,30,Medium,"Anomalous pattern (ML), Login at unusual hour"
user_13,2026-04-24 03:34:58.317009,192.168.1.18,London,Failed,1,0,3,1,Tokyo,2026-04-24 02:21:58.317009,0,1,30,Medium,"Anomalous pattern (ML), Login at unusual hour"
user_13,2026-04-24 04:45:58.317009,192.168.1.39,Tokyo,Success,0,0,4,1,London,2026-04-24 03:34:58.317009,0,0,10,Low,Login at unusual hour
user_13,2026-04-24 05:16:58.317009,192.168.1.10,Sydney,Success,0,0,5,1,Tokyo,2026-04-24 04:45:58.317009,1,1,60,Medium,"Impossible travel detected, Anomalous pattern (ML), Login at unusual hour"
user_14,2026-04-22 15:33:58.317009,192.168.1.19,Mumbai,Success,0,0,15,0,,,0,1,20,Low,Anomalous pattern (ML)
user_14,2026-04-22 16:19:58.317009,192.168.1.6,Sydney,Success,0,0,16,0,Mumbai,2026-04-22 15:33:58.317009,1,0,30,Medium,Impossible travel detected
user_14,2026-04-22 16:33:58.317009,192.168.1.41,New York,Success,0,0,16,0,Sydney,2026-04-22 16:19:58.317009,1,1,50,Medium,"Impossible travel detected, Anomalous pattern (ML)"
user_14,2026-04-22 16:54:58.317009,192.168.1.20,Sydney,Success,0,0,16,0,New York,2026-04-22 16:33:58.317009,1,0,30,Medium,Impossible travel detected
user_14,2026-04-22 17:07:58.317009,192.168.1.7,Sydney,Success,0,0,17,0,Sydney,2026-04-22 16:54:58.317009,0,1,20,Low,Anomalous pattern (ML)
user_14,2026-04-22 19:16:58.317009,192.168.1.32,Sydney,Success,0,0,19,0,Sydney,2026-04-22 17:07:58.317009,0,1,20,Low,Anomalous pattern (ML)
user_14,2026-04-22 20:01:58.317009,192.168.1.31,Sydney,Success,0,0,20,0,Sydney,2026-04-22 19:16:58.317009,0,1,20,Low,Anomalous pattern (ML)
user_14,2026-04-22 20:56:58.317009,192.168.1.23,Tokyo,Success,0,0,20,0,Sydney,2026-04-22 20:01:58.317009,1,1,50,Medium,"Impossible travel detected, Anomalous pattern (ML)"
user_14,2026-04-23 01:18:58.317009,192.168.1.38,Paris,Success,0,0,1,1,Tokyo,2026-04-22 20:56:58.317009,0,1,30,Medium,"Anomalous pattern (ML), Login at unusual hour"
user_14,2026-04-23 01:55:58.317009,192.168.1.10,Mumbai,Success,0,0,1,1,Paris,2026-04-23 01:18:58.317009,1,1,60,Medium,"Impossible travel detected, Anomalous pattern (ML), Login at unusual hour"
user_14,2026-04-23 03:14:58.317009,192.168.1.34,Mumbai,Success,0,0,3,1,Mumbai,2026-04-23 01:55:58.317009,0,1,30,Medium,"Anomalous pattern (ML), Login at unusual hour"
user_14,2026-04-23 04:01:58.317009,192.168.1.45,Sydney,Success,0,0,4,1,Mumbai,2026-04-23 03:14:58.317009,1,0,40,Medium,"Impossible travel detected, Login at unusual hour"
user_14,2026-04-23 11:29:58.317009,192.168.1.10,Tokyo,Failed,1,0,11,0,Sydney,2026-04-23 04:01:58.317009,0,1,20,Low,Anomalous pattern (ML)
user_14,2026-04-23 13:59:58.317009,192.168.1.6,Paris,Success,0,0,13,0,Tokyo,2026-04-23 11:29:58.317009,0,1,20,Low,Anomalous pattern (ML)
user_14,2026-04-23 17:23:58.317009,192.168.1.41,London,Success,0,0,17,0,Paris,2026-04-23 13:59:58.317009,0,1,20,Low,Anomalous pattern (ML)
user_14,2026-04-23 20:16:58.317009,192.168.1.34,London,Failed,1,0,20,0,London,2026-04-23 17:23:58.317009,0,1,20,Low,Anomalous pattern (ML)
user_14,2026-04-23 21:08:58.317009,192.168.1.29,London,Failed,1,1,21,0,London,2026-04-23 20:16:58.317009,0,1,60,Medium,"Multiple failed attempts, Anomalous pattern (ML)"
user_14,2026-04-23 23:01:58.317009,192.168.1.40,Sydney,Success,0,0,23,0,London,2026-04-23 21:08:58.317009,0,1,20,Low,Anomalous pattern (ML)
user_14,2026-04-24 00:52:58.317009,192.168.1.36,Sydney,Success,0,0,0,1,Sydney,2026-04-23 23:01:58.317009,0,1,30,Medium,"Anomalous pattern (ML), Login at unusual hour"
user_14,2026-04-24 01:50:58.317009,192.168.1.2,Sydney,Success,0,0,1,1,Sydney,2026-04-24 00:52:58.317009,0,1,30,Medium,"Anomalous pattern (ML), Login at unusual hour"
user_14,2026-04-24 04:30:58.317009,192.168.1.7,Sydney,Success,0,0,4,1,Sydney,2026-04-24 01:50:58.317009,0,0,10,Low,Login at unusual hour
user_14,2026-04-24 06:00:58.317009,192.168.1.30,Paris,Success,0,0,6,0,Sydney,2026-04-24 04:30:58.317009,0,1,20,Low,Anomalous pattern (ML)
user_15,2026-04-22 22:11:58.317009,192.168.1.26,Paris,Success,0,0,22,0,,,0,0,0,Low,Normal activity
user_15,2026-04-22 22:49:58.317009,192.168.1.30,Sydney,Success,0,0,22,0,Paris,2026-04-22 22:11:58.317009,1,1,50,Medium,"Impossible travel detected, Anomalous pattern (ML)"
user_15,2026-04-22 23:45:58.317009,192.168.1.16,Sydney,Success,0,0,23,0,Sydney,2026-04-22 22:49:58.317009,0,1,20,Low,Anomalous pattern (ML)
user_15,2026-04-23 02:20:58.317009,192.168.1.3,Paris,Success,0,0,2,1,Sydney,2026-04-22 23:45:58.317009,0,1,30,Medium,"Anomalous pattern (ML), Login at unusual hour"
user_15,2026-04-23 04:28:58.317009,192.168.1.30,Mumbai,Success,0,0,4,1,Paris,2026-04-23 02:20:58.317009,0,1,30,Medium,"Anomalous pattern (ML), Login at unusual hour"
user_15,2026-04-23 05:27:58.317009,192.168.1.15,Mumbai,Success,0,0,5,1,Mumbai,2026-04-23 04:28:58.317009,0,1,30,Medium,"Anomalous pattern (ML), Login at unusual hour"
user_15,2026-04-23 06:51:58.317009,192.168.1.46,New York,Success,0,0,6,0,Mumbai,2026-04-23 05:27:58.317009,0,1,20,Low,Anomalous pattern (ML)
user_15,2026-04-23 08:57:58.317009,192.168.1.10,Tokyo,Success,0,0,8,0,New York,2026-04-23 06:51:58.317009,0,1,20,Low,Anomalous pattern (ML)
user_15,2026-04-23 13:55:58.317009,192.168.1.42,Paris,Failed,1,0,13,0,Tokyo,2026-04-23 08:57:58.317009,0,0,0,Low,Normal activity
user_15,2026-04-23 13:57:58.317009,192.168.1.28,Paris,Success,0,0,13,0,Paris,2026-04-23 13:55:58.317009,0,0,0,Low,Normal activity
user_15,2026-04-23 14:43:58.317009,192.168.1.30,Berlin,Failed,1,0,14,0,Paris,2026-04-23 13:57:58.317009,1,1,50,Medium,"Impossible travel detected, Anomalous pattern (ML)"
user_15,2026-04-23 18:43:58.317009,192.168.1.1,Mumbai,Success,0,0,18,0,Berlin,2026-04-23 14:43:58.317009,0,1,20,Low,Anomalous pattern (ML)
user_15,2026-04-23 22:11:58.317009,192.168.1.9,Paris,Success,0,0,22,0,Mumbai,2026-04-23 18:43:58.317009,0,0,0,Low,Normal activity
user_15,2026-04-24 01:14:58.317009,192.168.1.10,Sydney,Success,0,0,1,1,Paris,2026-04-23 22:11:58.317009,0,1,30,Medium,"Anomalous pattern (ML), Login at unusual hour"
user_15,2026-04-24 01:58:58.317009,192.168.1.10,Paris,Success,0,0,1,1,Sydney,2026-04-24 01:14:58.317009,1,1,60,Medium,"Impossible travel detected, Anomalous pattern (ML), Login at unusual hour"
user_15,2026-04-24 03:04:58.317009,192.168.1.42,Tokyo,Success,0,0,3,1,Paris,2026-04-24 01:58:58.317009,0,1,30,Medium,"Anomalous pattern (ML), Login at unusual hour"
user_15,2026-04-24 06:57:58.317009,192.168.1.11,Mumbai,Success,0,0,6,0,Tokyo,2026-04-24 03:04:58.317009,0,1,20,Low,Anomalous pattern (ML)
user_16,2026-04-22 15:47:58.317009,192.168.1.6,Mumbai,Failed,1,0,15,0,,,0,0,0,Low,Normal activity
user_16,2026-04-22 16:08:58.317009,192.168.1.47,Berlin,Success,0,0,16,0,Mumbai,2026-04-22 15:47:58.317009,1,1,50,Medium,"Impossible travel detected, Anomalous pattern (ML)"
user_16,2026-04-22 17:48:58.317009,192.168.1.48,Mumbai,Success,0,0,17,0,Berlin,2026-04-22 16:08:58.317009,0,1,20,Low,Anomalous pattern (ML)
user_16,2026-04-22 18:58:58.317009,192.168.1.30,Tokyo,Failed,1,0,18,0,Mumbai,2026-04-22 17:48:58.317009,0,0,0,Low,Normal activity
user_16,2026-04-22 20:27:58.317009,192.168.1.24,Mumbai,Success,0,0,20,0,Tokyo,2026-04-22 18:58:58.317009,0,1,20,Low,Anomalous pattern (ML)
user_16,2026-04-22 21:28:58.317009,192.168.1.18,Berlin,Success,0,0,21,0,Mumbai,2026-04-22 20:27:58.317009,0,1,20,Low,Anomalous pattern (ML)
user_16,2026-04-22 22:37:58.317009,192.168.1.23,Berlin,Success,0,0,22,0,Berlin,2026-04-22 21:28:58.317009,0,1,20,Low,Anomalous pattern (ML)
user_16,2026-04-22 22:41:58.317009,192.168.1.27,London,Failed,1,0,22,0,Berlin,2026-04-22 22:37:58.317009,1,1,50,Medium,"Impossible travel detected, Anomalous pattern (ML)"
user_16,2026-04-22 23:02:58.317009,192.168.1.29,Sydney,Success,0,0,23,0,London,2026-04-22 22:41:58.317009,1,1,50,Medium,"Impossible travel detected, Anomalous pattern (ML)"
user_16,2026-04-23 02:34:58.317009,192.168.1.32,Tokyo,Success,0,0,2,1,Sydney,2026-04-22 23:02:58.317009,0,1,30,Medium,"Anomalous pattern (ML), Login at unusual hour"
user_16,2026-04-23 04:13:58.317009,192.168.1.48,Berlin,Success,0,0,4,1,Tokyo,2026-04-23 02:34:58.317009,0,1,30,Medium,"Anomalous pattern (ML), Login at unusual hour"
user_16,2026-04-23 04:49:58.317009,192.168.1.39,Mumbai,Failed,1,0,4,1,Berlin,2026-04-23 04:13:58.317009,1,1,60,Medium,"Impossible travel detected, Anomalous pattern (ML), Login at unusual hour"
user_16,2026-04-23 05:07:58.317009,192.168.1.5,Sydney,Success,0,0,5,1,Mumbai,2026-04-23 04:49:58.317009,1,0,40,Medium,"Impossible travel detected, Login at unusual hour"
user_16,2026-04-23 05:17:58.317009,192.168.1.23,Sydney,Success,0,0,5,1,Sydney,2026-04-23 05:07:58.317009,0,0,10,Low,Login at unusual hour
user_16,2026-04-23 05:38:58.317009,192.168.1.27,Sydney,Success,0,0,5,1,Sydney,2026-04-23 05:17:58.317009,0,0,10,Low,Login at unusual hour
user_16,2026-04-23 05:58:58.317009,192.168.1.29,Tokyo,Success,0,0,5,1,Sydney,2026-04-23 05:38:58.317009,1,0,40,Medium,"Impossible travel detected, Login at unusual hour"
user_16,2026-04-23 06:36:58.317009,192.168.1.18,Paris,Failed,1,0,6,0,Tokyo,2026-04-23 05:58:58.317009,1,1,50,Medium,"Impossible travel detected, Anomalous pattern (ML)"
user_16,2026-04-23 09:05:58.317009,192.168.1.7,London,Success,0,0,9,0,Paris,2026-04-23 06:36:58.317009,0,0,0,Low,Normal activity
user_16,2026-04-23 09:35:58.317009,192.168.1.5,London,Success,0,0,9,0,London,2026-04-23 09:05:58.317009,0,0,0,Low,Normal activity
user_16,2026-04-23 10:05:58.317009,192.168.1.37,Sydney,Failed,1,0,10,0,London,2026-04-23 09:35:58.317009,1,1,50,Medium,"Impossible travel detected, Anomalous pattern (ML)"
user_16,2026-04-23 11:00:58.317009,192.168.1.37,Tokyo,Success,0,0,11,0,Sydney,2026-04-23 10:05:58.317009,1,1,50,Medium,"Impossible travel detected, Anomalous pattern (ML)"
user_16,2026-04-23 11:44:58.317009,192.168.1.46,New York,Success,0,0,11,0,Tokyo,2026-04-23 11:00:58.317009,1,1,50,Medium,"Impossible travel detected, Anomalous pattern (ML)"
user_16,2026-04-23 12:29:58.317009,192.168.1.36,Paris,Success,0,0,12,0,New York,2026-04-23 11:44:58.317009,1,1,50,Medium,"Impossible travel detected, Anomalous pattern (ML)"
user_16,2026-04-23 13:20:58.317009,192.168.1.40,Berlin,Failed,1,0,13,0,Paris,2026-04-23 12:29:58.317009,1,1,50,Medium,"Impossible travel detected, Anomalous pattern (ML)"
user_16,2026-04-23 14:41:58.317009,192.168.1.4,London,Success,0,0,14,0,Berlin,2026-04-23 13:20:58.317009,0,1,20,Low,Anomalous pattern (ML)
user_16,2026-04-23 15:13:58.317009,192.168.1.34,Mumbai,Failed,1,0,15,0,London,2026-04-23 14:41:58.317009,1,0,30,Medium,Impossible travel detected
user_16,2026-04-23 15:49:58.317009,192.168.1.30,Sydney,Success,0,0,15,0,Mumbai,2026-04-23 15:13:58.317009,1,1,50,Medium,"Impossible travel detected, Anomalous pattern (ML)"
user_16,2026-04-23 15:57:58.317009,192.168.1.2,Paris,Success,0,0,15,0,Sydney,2026-04-23 15:49:58.317009,1,1,50,Medium,"Impossible travel detected, Anomalous pattern (ML)"
user_16,2026-04-23 16:23:58.317009,192.168.1.22,Mumbai,Success,0,0,16,0,Paris,2026-04-23 15:57:58.317009,1,1,50,Medium,"Impossible travel detected, Anomalous pattern (ML)"
user_16,2026-04-23 18:28:58.317009,192.168.1.27,Tokyo,Success,0,0,18,0,Mumbai,2026-04-23 16:23:58.317009,0,0,0,Low,Normal activity
user_16,2026-04-23 20:12:58.317009,192.168.1.43,Paris,Success,0,0,20,0,Tokyo,2026-04-23 18:28:58.317009,0,1,20,Low,Anomalous pattern (ML)
user_16,2026-04-23 21:26:58.317009,192.168.1.7,Sydney,Success,0,0,21,0,Paris,2026-04-23 20:12:58.317009,0,1,20,Low,Anomalous pattern (ML)
user_16,2026-04-23 23:12:58.317009,192.168.1.14,New York,Success,0,0,23,0,Sydney,2026-04-23 21:26:58.317009,0,1,20,Low,Anomalous pattern (ML)
user_16,2026-04-23 23:24:58.317009,192.168.1.42,Mumbai,Success,0,0,23,0,New York,2026-04-23 23:12:58.317009,1,1,50,Medium,"Impossible travel detected, Anomalous pattern (ML)"
user_16,2026-04-24 00:42:58.317009,192.168.1.41,Mumbai,Success,0,0,0,1,Mumbai,2026-04-23 23:24:58.317009,0,1,30,Medium,"Anomalous pattern (ML), Login at unusual hour"
user_16,2026-04-24 04:25:58.317009,192.168.1.45,Tokyo,Failed,1,0,4,1,Mumbai,2026-04-24 00:42:58.317009,0,1,30,Medium,"Anomalous pattern (ML), Login at unusual hour"
user_16,2026-04-24 05:11:58.317009,192.168.1.11,New York,Success,0,0,5,1,Tokyo,2026-04-24 04:25:58.317009,1,1,60,Medium,"Impossible travel detected, Anomalous pattern (ML), Login at unusual hour"
user_16,2026-04-24 05:50:58.317009,192.168.1.11,Tokyo,Success,0,0,5,1,New York,2026-04-24 05:11:58.317009,1,0,40,Medium,"Impossible travel detected, Login at unusual hour"
user_16,2026-04-24 07:40:58.317009,192.168.1.1,New York,Success,0,0,7,0,Tokyo,2026-04-24 05:50:58.317009,0,1,20,Low,Anomalous pattern (ML)
user_16,2026-04-24 08:44:58.317009,192.168.1.21,London,Success,0,0,8,0,New York,2026-04-24 07:40:58.317009,0,1,20,Low,Anomalous pattern (ML)
user_17,2026-04-22 17:27:58.317009,192.168.1.38,New York,Success,0,0,17,0,,,0,1,20,Low,Anomalous pattern (ML)
user_17,2026-04-22 17:50:58.317009,192.168.1.30,Mumbai,Success,0,0,17,0,New York,2026-04-22 17:27:58.317009,1,1,50,Medium,"Impossible travel detected, Anomalous pattern (ML)"
user_17,2026-04-22 18:34:58.317009,192.168.1.32,London,Success,0,0,18,0,Mumbai,2026-04-22 17:50:58.317009,1,0,30,Medium,Impossible travel detected
user_17,2026-04-22 18:46:58.317009,192.168.1.32,Sydney,Success,0,0,18,0,London,2026-04-22 18:34:58.317009,1,1,50,Medium,"Impossible travel detected, Anomalous pattern (ML)"
user_17,2026-04-22 18:54:58.317009,192.168.1.22,New York,Success,0,0,18,0,Sydney,2026-04-22 18:46:58.317009,1,1,50,Medium,"Impossible travel detected, Anomalous pattern (ML)"
user_17,2026-04-22 20:09:58.317009,192.168.1.22,New York,Success,0,0,20,0,New York,2026-04-22 18:54:58.317009,0,1,20,Low,Anomalous pattern (ML)
user_17,2026-04-22 21:52:58.317009,192.168.1.11,Sydney,Success,0,0,21,0,New York,2026-04-22 20:09:58.317009,0,1,20,Low,Anomalous pattern (ML)
user_17,2026-04-22 23:52:58.317009,192.168.1.26,Mumbai,Success,0,0,23,0,Sydney,2026-04-22 21:52:58.317009,0,1,20,Low,Anomalous pattern (ML)
user_17,2026-04-23 02:15:58.317009,192.168.1.34,Paris,Failed,1,0,2,1,Mumbai,2026-04-22 23:52:58.317009,0,1,30,Medium,"Anomalous pattern (ML), Login at unusual hour"
user_17,2026-04-23 06:24:58.317009,192.168.1.33,London,Success,0,0,6,0,Paris,2026-04-23 02:15:58.317009,0,1,20,Low,Anomalous pattern (ML)
user_17,2026-04-23 06:34:58.317009,192.168.1.14,Berlin,Success,0,0,6,0,London,2026-04-23 06:24:58.317009,1,1,50,Medium,"Impossible travel detected, Anomalous pattern (ML)"
user_17,2026-04-23 07:26:58.317009,192.168.1.23,Tokyo,Failed,1,0,7,0,Berlin,2026-04-23 06:34:58.317009,1,1,50,Medium,"Impossible travel detected, Anomalous pattern (ML)"
user_17,2026-04-23 07:47:58.317009,192.168.1.18,New York,Success,0,0,7,0,Tokyo,2026-04-23 07:26:58.317009,1,1,50,Medium,"Impossible travel detected, Anomalous pattern (ML)"
user_17,2026-04-23 08:58:58.317009,192.168.1.6,London,Success,0,0,8,0,New York,2026-04-23 07:47:58.317009,0,0,0,Low,Normal activity
user_17,2026-04-23 12:13:58.317009,192.168.1.21,Mumbai,Failed,1,0,12,0,London,2026-04-23 08:58:58.317009,0,1,20,Low,Anomalous pattern (ML)
user_17,2026-04-23 14:18:58.317009,192.168.1.12,Mumbai,Success,0,0,14,0,Mumbai,2026-04-23 12:13:58.317009,0,1,20,Low,Anomalous pattern (ML)
user_17,2026-04-23 14:54:58.317009,192.168.1.39,London,Failed,1,0,14,0,Mumbai,2026-04-23 14:18:58.317009,1,1,50,Medium,"Impossible travel detected, Anomalous pattern (ML)"
user_17,2026-04-23 15:16:58.317009,192.168.1.9,Paris,Failed,1,1,15,0,London,2026-04-23 14:54:58.317009,1,1,90,High,"Multiple failed attempts, Impossible travel detected, Anomalous pattern (ML)"
user_17,2026-04-23 15:27:58.317009,192.168.1.27,London,Success,0,1,15,0,Paris,2026-04-23 15:16:58.317009,1,1,90,High,"Multiple failed attempts, Impossible travel detected, Anomalous pattern (ML)"
user_17,2026-04-23 17:03:58.317009,192.168.1.39,Sydney,Success,0,0,17,0,London,2026-04-23 15:27:58.317009,0,1,20,Low,Anomalous pattern (ML)
user_17,2026-04-23 18:17:58.317009,192.168.1.6,Paris,Success,0,0,18,0,Sydney,2026-04-23 17:03:58.317009,0,1,20,Low,Anomalous pattern (ML)
user_17,2026-04-23 18:26:58.317009,192.168.1.12,London,Success,0,0,18,0,Paris,2026-04-23 18:17:58.317009,1,0,30,Medium,Impossible travel detected
user_17,2026-04-23 18:53:58.317009,192.168.1.30,Mumbai,Success,0,0,18,0,London,2026-04-23 18:26:58.317009,1,1,50,Medium,"Impossible travel detected, Anomalous pattern (ML)"
user_17,2026-04-23 19:08:58.317009,192.168.1.10,London,Failed,1,0,19,0,Mumbai,2026-04-23 18:53:58.317009,1,0,30,Medium,Impossible travel detected
user_17,2026-04-23 19:33:58.317009,192.168.1.47,London,Failed,1,0,19,0,London,2026-04-23 19:08:58.317009,0,0,0,Low,Normal activity
user_17,2026-04-23 22:26:58.317009,192.168.1.23,London,Success,0,0,22,0,London,2026-04-23 19:33:58.317009,0,1,20,Low,Anomalous pattern (ML)
user_17,2026-04-24 00:24:58.317009,192.168.1.33,New York,Success,0,0,0,1,London,2026-04-23 22:26:58.317009,0,1,30,Medium,"Anomalous pattern (ML), Login at unusual hour"
user_17,2026-04-24 00:34:58.317009,192.168.1.48,Tokyo,Success,0,0,0,1,New York,2026-04-24 00:24:58.317009,1,1,60,Medium,"Impossible travel detected, Anomalous pattern (ML), Login at unusual hour"
user_17,2026-04-24 00:53:58.317009,192.168.1.26,Sydney,Success,0,0,0,1,Tokyo,2026-04-24 00:34:58.317009,1,1,60,Medium,"Impossible travel detected, Anomalous pattern (ML), Login at unusual hour"
user_17,2026-04-24 01:30:58.317009,192.168.1.24,Berlin,Success,0,0,1,1,Sydney,2026-04-24 00:53:58.317009,1,1,60,Medium,"Impossible travel detected, Anomalous pattern (ML), Login at unusual hour"
user_17,2026-04-24 02:32:58.317009,192.168.1.24,Berlin,Success,0,0,2,1,Berlin,2026-04-24 01:30:58.317009,0,0,10,Low,Login at unusual hour
user_17,2026-04-24 02:56:58.317009,192.168.1.14,Berlin,Success,0,0,2,1,Berlin,2026-04-24 02:32:58.317009,0,0,10,Low,Login at unusual hour
user_17,2026-04-24 02:59:58.317009,192.168.1.4,Tokyo,Success,0,0,2,1,Berlin,2026-04-24 02:56:58.317009,1,1,60,Medium,"Impossible travel detected, Anomalous pattern (ML), Login at unusual hour"
user_17,2026-04-24 08:06:58.317009,192.168.1.26,London,Failed,1,0,8,0,Tokyo,2026-04-24 02:59:58.317009,0,0,0,Low,Normal activity
user_18,2026-04-22 17:22:58.317009,192.168.1.38,Paris,Success,0,0,17,0,,,0,1,20,Low,Anomalous pattern (ML)
user_18,2026-04-22 21:53:58.317009,192.168.1.5,Tokyo,Success,0,0,21,0,Paris,2026-04-22 17:22:58.317009,0,1,20,Low,Anomalous pattern (ML)
user_18,2026-04-23 00:37:58.317009,192.168.1.11,Tokyo,Success,0,0,0,1,Tokyo,2026-04-22 21:53:58.317009,0,1,30,Medium,"Anomalous pattern (ML), Login at unusual hour"
user_18,2026-04-23 06:46:58.317009,192.168.1.48,New York,Success,0,0,6,0,Tokyo,2026-04-23 00:37:58.317009,0,1,20,Low,Anomalous pattern (ML)
user_18,2026-04-23 07:24:58.317009,192.168.1.14,Paris,Success,0,0,7,0,New York,2026-04-23 06:46:58.317009,1,1,50,Medium,"Impossible travel detected, Anomalous pattern (ML)"
user_18,2026-04-23 08:21:58.317009,192.168.1.26,Berlin,Success,0,0,8,0,Paris,2026-04-23 07:24:58.317009,1,1,50,Medium,"Impossible travel detected, Anomalous pattern (ML)"
user_18,2026-04-23 13:03:58.317009,192.168.1.48,New York,Failed,1,0,13,0,Berlin,2026-04-23 08:21:58.317009,0,1,20,Low,Anomalous pattern (ML)
user_18,2026-04-23 14:20:58.317009,192.168.1.3,Berlin,Success,0,0,14,0,New York,2026-04-23 13:03:58.317009,0,1,20,Low,Anomalous pattern (ML)
user_18,2026-04-23 16:08:58.317009,192.168.1.9,Mumbai,Success,0,0,16,0,Berlin,2026-04-23 14:20:58.317009,0,1,20,Low,Anomalous pattern (ML)
user_18,2026-04-23 16:32:58.317009,192.168.1.24,Berlin,Success,0,0,16,0,Mumbai,2026-04-23 16:08:58.317009,1,1,50,Medium,"Impossible travel detected, Anomalous pattern (ML)"
user_18,2026-04-23 17:10:58.317009,192.168.1.14,Tokyo,Success,0,0,17,0,Berlin,2026-04-23 16:32:58.317009,1,1,50,Medium,"Impossible travel detected, Anomalous pattern (ML)"
user_18,2026-04-23 20:10:58.317009,192.168.1.22,Sydney,Success,0,0,20,0,Tokyo,2026-04-23 17:10:58.317009,0,1,20,Low,Anomalous pattern (ML)
user_18,2026-04-23 20:37:58.317009,192.168.1.18,Tokyo,Failed,1,0,20,0,Sydney,2026-04-23 20:10:58.317009,1,1,50,Medium,"Impossible travel detected, Anomalous pattern (ML)"
user_18,2026-04-23 21:38:58.317009,192.168.1.12,New York,Success,0,0,21,0,Tokyo,2026-04-23 20:37:58.317009,0,0,0,Low,Normal activity
user_18,2026-04-23 21:44:58.317009,192.168.1.30,New York,Success,0,0,21,0,New York,2026-04-23 21:38:58.317009,0,0,0,Low,Normal activity
user_18,2026-04-23 22:48:58.317009,192.168.1.19,London,Success,0,0,22,0,New York,2026-04-23 21:44:58.317009,0,1,20,Low,Anomalous pattern (ML)
user_18,2026-04-23 22:54:58.317009,192.168.1.36,New York,Success,0,0,22,0,London,2026-04-23 22:48:58.317009,1,1,50,Medium,"Impossible travel detected, Anomalous pattern (ML)"
user_18,2026-04-23 23:33:58.317009,192.168.1.45,Berlin,Success,0,0,23,0,New York,2026-04-23 22:54:58.317009,1,0,30,Medium,Impossible travel detected
user_18,2026-04-23 23:39:58.317009,192.168.1.8,New York,Success,0,0,23,0,Berlin,2026-04-23 23:33:58.317009,1,1,50,Medium,"Impossible travel detected, Anomalous pattern (ML)"
user_18,2026-04-23 23:41:58.317009,192.168.1.12,Berlin,Success,0,0,23,0,New York,2026-04-23 23:39:58.317009,1,0,30,Medium,Impossible travel detected
user_18,2026-04-23 23:57:58.317009,192.168.1.33,Paris,Success,0,0,23,0,Berlin,2026-04-23 23:41:58.317009,1,1,50,Medium,"Impossible travel detected, Anomalous pattern (ML)"
user_18,2026-04-24 00:07:58.317009,192.168.1.37,Sydney,Failed,1,0,0,1,Paris,2026-04-23 23:57:58.317009,1,1,60,Medium,"Impossible travel detected, Anomalous pattern (ML), Login at unusual hour"
user_18,2026-04-24 03:50:58.317009,192.168.1.48,Mumbai,Success,0,0,3,1,Sydney,2026-04-24 00:07:58.317009,0,1,30,Medium,"Anomalous pattern (ML), Login at unusual hour"
user_18,2026-04-24 04:43:58.317009,192.168.1.38,Berlin,Success,0,0,4,1,Mumbai,2026-04-24 03:50:58.317009,1,1,60,Medium,"Impossible travel detected, Anomalous pattern (ML), Login at unusual hour"
user_18,2026-04-24 04:45:58.317009,192.168.1.47,New York,Success,0,0,4,1,Berlin,2026-04-24 04:43:58.317009,1,1,60,Medium,"Impossible travel detected, Anomalous pattern (ML), Login at unusual hour"
user_18,2026-04-24 06:29:58.317009,192.168.1.25,Tokyo,Success,0,0,6,0,New York,2026-04-24 04:45:58.317009,0,1,20,Low,Anomalous pattern (ML)
user_18,2026-04-24 07:55:58.317009,192.168.1.35,Berlin,Success,0,0,7,0,Tokyo,2026-04-24 06:29:58.317009,0,1,20,Low,Anomalous pattern (ML)
user_18,2026-04-24 08:23:58.317009,192.168.1.5,Mumbai,Success,0,0,8,0,Berlin,2026-04-24 07:55:58.317009,1,1,50,Medium,"Impossible travel detected, Anomalous pattern (ML)"
user_18,2026-04-24 09:03:58.317009,192.168.1.1,New York,Success,0,0,9,0,Mumbai,2026-04-24 08:23:58.317009,1,1,50,Medium,"Impossible travel detected, Anomalous pattern (ML)"
user_19,2026-04-22 17:40:58.317009,192.168.1.14,Berlin,Success,0,0,17,0,,,0,1,20,Low,Anomalous pattern (ML)
user_19,2026-04-22 18:22:58.317009,192.168.1.35,New York,Failed,1,0,18,0,Berlin,2026-04-22 17:40:58.317009,1,1,50,Medium,"Impossible travel detected, Anomalous pattern (ML)"
user_19,2026-04-23 00:13:58.317009,192.168.1.29,New York,Success,0,0,0,1,New York,2026-04-22 18:22:58.317009,0,1,30,Medium,"Anomalous pattern (ML), Login at unusual hour"
user_19,2026-04-23 00:28:58.317009,192.168.1.44,Paris,Success,0,0,0,1,New York,2026-04-23 00:13:58.317009,1,1,60,Medium,"Impossible travel detected, Anomalous pattern (ML), Login at unusual hour"
user_19,2026-04-23 02:27:58.317009,192.168.1.43,Paris,Failed,1,0,2,1,Paris,2026-04-23 00:28:58.317009,0,0,10,Low,Login at unusual hour
user_19,2026-04-23 06:16:58.317009,192.168.1.36,Mumbai,Success,0,0,6,0,Paris,2026-04-23 02:27:58.317009,0,1,20,Low,Anomalous pattern (ML)
user_19,2026-04-23 06:59:58.317009,192.168.1.44,London,Success,0,0,6,0,Mumbai,2026-04-23 06:16:58.317009,1,1,50,Medium,"Impossible travel detected, Anomalous pattern (ML)"
user_19,2026-04-23 07:20:58.317009,192.168.1.4,Sydney,Failed,1,0,7,0,London,2026-04-23 06:59:58.317009,1,1,50,Medium,"Impossible travel detected, Anomalous pattern (ML)"
user_19,2026-04-23 07:44:58.317009,192.168.1.8,New York,Success,0,0,7,0,Sydney,2026-04-23 07:20:58.317009,1,1,50,Medium,"Impossible travel detected, Anomalous pattern (ML)"
user_19,2026-04-23 07:48:58.317009,192.168.1.15,Berlin,Success,0,0,7,0,New York,2026-04-23 07:44:58.317009,1,1,50,Medium,"Impossible travel detected, Anomalous pattern (ML)"
user_19,2026-04-23 08:09:58.317009,192.168.1.13,London,Success,0,0,8,0,Berlin,2026-04-23 07:48:58.317009,1,1,50,Medium,"Impossible travel detected, Anomalous pattern (ML)"
user_19,2026-04-23 08:17:58.317009,192.168.1.3,Paris,Failed,1,0,8,0,London,2026-04-23 08:09:58.317009,1,1,50,Medium,"Impossible travel detected, Anomalous pattern (ML)"
user_19,2026-04-23 08:37:58.317009,192.168.1.29,Berlin,Success,0,0,8,0,Paris,2026-04-23 08:17:58.317009,1,1,50,Medium,"Impossible travel detected, Anomalous pattern (ML)"
user_19,2026-04-23 12:47:58.317009,192.168.1.44,Mumbai,Success,0,0,12,0,Berlin,2026-04-23 08:37:58.317009,0,1,20,Low,Anomalous pattern (ML)
user_19,2026-04-23 16:11:58.317009,192.168.1.40,New York,Success,0,0,16,0,Mumbai,2026-04-23 12:47:58.317009,0,1,20,Low,Anomalous pattern (ML)
user_19,2026-04-23 18:13:58.317009,192.168.1.21,Sydney,Failed,1,0,18,0,New York,2026-04-23 16:11:58.317009,0,1,20,Low,Anomalous pattern (ML)
user_19,2026-04-23 19:53:58.317009,192.168.1.31,Mumbai,Success,0,0,19,0,Sydney,2026-04-23 18:13:58.317009,0,1,20,Low,Anomalous pattern (ML)
user_19,2026-04-23 21:07:58.317009,192.168.1.8,London,Success,0,0,21,0,Mumbai,2026-04-23 19:53:58.317009,0,1,20,Low,Anomalous pattern (ML)
user_19,2026-04-23 22:41:58.317009,192.168.1.26,Paris,Success,0,0,22,0,London,2026-04-23 21:07:58.317009,0,1,20,Low,Anomalous pattern (ML)
user_19,2026-04-24 02:10:58.317009,192.168.1.29,Paris,Success,0,0,2,1,Paris,2026-04-23 22:41:58.317009,0,0,10,Low,Login at unusual hour
user_19,2026-04-24 02:15:58.317009,192.168.1.10,Sydney,Failed,1,0,2,1,Paris,2026-04-24 02:10:58.317009,1,1,60,Medium,"Impossible travel detected, Anomalous pattern (ML), Login at unusual hour"
user_19,2026-04-24 03:50:58.317009,192.168.1.36,London,Success,0,0,3,1,Sydney,2026-04-24 02:15:58.317009,0,1,30,Medium,"Anomalous pattern (ML), Login at unusual hour"
user_19,2026-04-24 04:33:58.317009,192.168.1.35,New York,Success,0,0,4,1,London,2026-04-24 03:50:58.317009,1,1,60,Medium,"Impossible travel detected, Anomalous pattern (ML), Login at unusual hour"
user_19,2026-04-24 05:55:58.317009,192.168.1.2,Sydney,Success,0,0,5,1,New York,2026-04-24 04:33:58.317009,0,1,30,Medium,"Anomalous pattern (ML), Login at unusual hour"
user_19,2026-04-24 06:36:58.317009,192.168.1.16,Tokyo,Success,0,0,6,0,Sydney,2026-04-24 05:55:58.317009,1,1,50,Medium,"Impossible travel detected, Anomalous pattern (ML)"
user_19,2026-04-24 08:29:58.317009,192.168.1.46,New York,Success,0,0,8,0,Tokyo,2026-04-24 06:36:58.317009,0,1,20,Low,Anomalous pattern (ML)
user_2,2026-04-22 18:47:58.317009,192.168.1.27,Sydney,Success,0,0,18,0,,,0,0,0,Low,Normal activity
user_2,2026-04-22 19:36:58.317009,192.168.1.15,Paris,Failed,1,0,19,0,Sydney,2026-04-22 18:47:58.317009,1,1,50,Medium,"Impossible travel detected, Anomalous pattern (ML)"
user_2,2026-04-22 21:09:58.317009,192.168.1.41,London,Failed,1,0,21,0,Paris,2026-04-22 19:36:58.317009,0,1,20,Low,Anomalous pattern (ML)
user_2,2026-04-23 03:25:58.317009,192.168.1.42,Paris,Success,0,0,3,1,London,2026-04-22 21:09:58.317009,0,1,30,Medium,"Anomalous pattern (ML), Login at unusual hour"
user_2,2026-04-23 05:38:58.317009,192.168.1.38,Berlin,Success,0,0,5,1,Paris,2026-04-23 03:25:58.317009,0,1,30,Medium,"Anomalous pattern (ML), Login at unusual hour"
user_2,2026-04-23 06:32:58.317009,192.168.1.43,Berlin,Failed,1,1,6,0,Berlin,2026-04-23 05:38:58.317009,0,1,60,Medium,"Multiple failed attempts, Anomalous pattern (ML)"
user_2,2026-04-23 07:11:58.317009,192.168.1.7,Paris,Success,0,0,7,0,Berlin,2026-04-23 06:32:58.317009,1,0,30,Medium,Impossible travel detected
user_2,2026-04-23 07:37:58.317009,192.168.1.18,Paris,Success,0,0,7,0,Paris,2026-04-23 07:11:58.317009,0,0,0,Low,Normal activity
user_2,2026-04-23 09:23:58.317009,192.168.1.38,London,Success,0,0,9,0,Paris,2026-04-23 07:37:58.317009,0,1,20,Low,Anomalous pattern (ML)
user_2,2026-04-23 09:55:58.317009,192.168.1.48,Paris,Failed,1,0,9,0,London,2026-04-23 09:23:58.317009,1,1,50,Medium,"Impossible travel detected, Anomalous pattern (ML)"
user_2,2026-04-23 13:28:58.317009,192.168.1.32,New York,Success,0,0,13,0,Paris,2026-04-23 09:55:58.317009,0,1,20,Low,Anomalous pattern (ML)
user_2,2026-04-23 14:53:58.317009,192.168.1.9,London,Success,0,0,14,0,New York,2026-04-23 13:28:58.317009,0,1,20,Low,Anomalous pattern (ML)
user_2,2026-04-23 16:24:58.317009,192.168.1.40,Paris,Success,0,0,16,0,London,2026-04-23 14:53:58.317009,0,1,20,Low,Anomalous pattern (ML)
user_2,2026-04-23 17:21:58.317009,192.168.1.47,Tokyo,Failed,1,0,17,0,Paris,2026-04-23 16:24:58.317009,1,1,50,Medium,"Impossible travel detected, Anomalous pattern (ML)"
user_2,2026-04-23 18:43:58.317009,192.168.1.6,Tokyo,Success,0,0,18,0,Tokyo,2026-04-23 17:21:58.317009,0,1,20,Low,Anomalous pattern (ML)
user_2,2026-04-23 18:57:58.317009,192.168.1.21,Sydney,Success,0,0,18,0,Tokyo,2026-04-23 18:43:58.317009,1,0,30,Medium,Impossible travel detected
user_2,2026-04-23 20:23:58.317009,192.168.1.46,London,Success,0,0,20,0,Sydney,2026-04-23 18:57:58.317009,0,1,20,Low,Anomalous pattern (ML)
user_2,2026-04-23 20:53:58.317009,192.168.1.7,Berlin,Failed,1,0,20,0,London,2026-04-23 20:23:58.317009,1,1,50,Medium,"Impossible travel detected, Anomalous pattern (ML)"
user_2,2026-04-23 22:20:58.317009,192.168.1.21,New York,Success,0,0,22,0,Berlin,2026-04-23 20:53:58.317009,0,1,20,Low,Anomalous pattern (ML)
user_2,2026-04-23 23:52:58.317009,192.168.1.14,Sydney,Success,0,0,23,0,New York,2026-04-23 22:20:58.317009,0,1,20,Low,Anomalous pattern (ML)
user_2,2026-04-24 00:18:58.317009,192.168.1.48,London,Success,0,0,0,1,Sydney,2026-04-23 23:52:58.317009,1,1,60,Medium,"Impossible travel detected, Anomalous pattern (ML), Login at unusual hour"
user_2,2026-04-24 02:52:58.317009,192.168.1.14,Mumbai,Success,0,0,2,1,London,2026-04-24 00:18:58.317009,0,1,30,Medium,"Anomalous pattern (ML), Login at unusual hour"
user_2,2026-04-24 04:09:58.317009,192.168.1.24,Berlin,Success,0,0,4,1,Mumbai,2026-04-24 02:52:58.317009,0,1,30,Medium,"Anomalous pattern (ML), Login at unusual hour"
user_2,2026-04-24 05:13:58.317009,192.168.1.13,Mumbai,Success,0,0,5,1,Berlin,2026-04-24 04:09:58.317009,0,1,30,Medium,"Anomalous pattern (ML), Login at unusual hour"
user_2,2026-04-24 06:04:58.317009,192.168.1.22,London,Success,0,0,6,0,Mumbai,2026-04-24 05:13:58.317009,1,1,50,Medium,"Impossible travel detected, Anomalous pattern (ML)"
user_2,2026-04-24 06:16:58.317009,192.168.1.26,New York,Success,0,0,6,0,London,2026-04-24 06:04:58.317009,1,1,50,Medium,"Impossible travel detected, Anomalous pattern (ML)"
user_2,2026-04-24 07:28:58.317009,192.168.1.21,Sydney,Success,0,0,7,0,New York,2026-04-24 06:16:58.317009,0,1,20,Low,Anomalous pattern (ML)
user_20,2026-04-22 15:25:58.317009,192.168.1.16,London,Success,0,0,15,0,,,0,1,20,Low,Anomalous pattern (ML)
user_20,2026-04-22 16:42:58.317009,192.168.1.47,Mumbai,Success,0,0,16,0,London,2026-04-22 15:25:58.317009,0,0,0,Low,Normal activity
user_20,2026-04-22 17:58:58.317009,192.168.1.12,Mumbai,Success,0,0,17,0,Mumbai,2026-04-22 16:42:58.317009,0,1,20,Low,Anomalous pattern (ML)
user_20,2026-04-22 19:52:58.317009,192.168.1.29,Paris,Success,0,0,19,0,Mumbai,2026-04-22 17:58:58.317009,0,1,20,Low,Anomalous pattern (ML)
user_20,2026-04-22 20:36:58.317009,192.168.1.42,Tokyo,Failed,1,0,20,0,Paris,2026-04-22 19:52:58.317009,1,1,50,Medium,"Impossible travel detected, Anomalous pattern (ML)"
user_20,2026-04-22 20:55:58.317009,192.168.1.7,London,Success,0,0,20,0,Tokyo,2026-04-22 20:36:58.317009,1,1,50,Medium,"Impossible travel detected, Anomalous pattern (ML)"
user_20,2026-04-22 22:20:58.317009,192.168.1.20,Sydney,Success,0,0,22,0,London,2026-04-22 20:55:58.317009,0,1,20,Low,Anomalous pattern (ML)
user_20,2026-04-22 23:12:58.317009,192.168.1.44,Mumbai,Success,0,0,23,0,Sydney,2026-04-22 22:20:58.317009,1,1,50,Medium,"Impossible travel detected, Anomalous pattern (ML)"
user_20,2026-04-23 00:54:58.317009,192.168.1.9,Sydney,Success,0,0,0,1,Mumbai,2026-04-22 23:12:58.317009,0,1,30,Medium,"Anomalous pattern (ML), Login at unusual hour"
user_20,2026-04-23 01:06:58.317009,192.168.1.6,Tokyo,Success,0,0,1,1,Sydney,2026-04-23 00:54:58.317009,1,1,60,Medium,"Impossible travel detected, Anomalous pattern (ML), Login at unusual hour"
user_20,2026-04-23 01:15:58.317009,192.168.1.42,London,Success,0,0,1,1,Tokyo,2026-04-23 01:06:58.317009,1,1,60,Medium,"Impossible travel detected, Anomalous pattern (ML), Login at unusual hour"
user_20,2026-04-23 02:06:58.317009,192.168.1.19,Paris,Success,0,0,2,1,London,2026-04-23 01:15:58.317009,1,1,60,Medium,"Impossible travel detected, Anomalous pattern (ML), Login at unusual hour"
user_20,2026-04-23 09:08:58.317009,192.168.1.25,Sydney,Success,0,0,9,0,Paris,2026-04-23 02:06:58.317009,0,1,20,Low,Anomalous pattern (ML)
user_20,2026-04-23 09:08:58.317009,192.168.1.34,Paris,Success,0,0,9,0,Sydney,2026-04-23 09:08:58.317009,1,1,50,Medium,"Impossible travel detected, Anomalous pattern (ML)"
user_20,2026-04-23 10:57:58.317009,192.168.1.32,New York,Failed,1,0,10,0,Paris,2026-04-23 09:08:58.317009,0,1,20,Low,Anomalous pattern (ML)
user_20,2026-04-23 13:20:58.317009,192.168.1.8,Paris,Success,0,0,13,0,New York,2026-04-23 10:57:58.317009,0,1,20,Low,Anomalous pattern (ML)
user_20,2026-04-23 15:17:58.317009,192.168.1.44,Tokyo,Failed,1,0,15,0,Paris,2026-04-23 13:20:58.317009,0,1,20,Low,Anomalous pattern (ML)
user_20,2026-04-23 16:50:58.317009,192.168.1.46,Mumbai,Success,0,0,16,0,Tokyo,2026-04-23 15:17:58.317009,0,0,0,Low,Normal activity
user_20,2026-04-23 17:22:58.317009,192.168.1.38,London,Success,0,0,17,0,Mumbai,2026-04-23 16:50:58.317009,1,1,50,Medium,"Impossible travel detected, Anomalous pattern (ML)"
user_20,2026-04-23 17:54:58.317009,192.168.1.2,New York,Success,0,0,17,0,London,2026-04-23 17:22:58.317009,1,1,50,Medium,"Impossible travel detected, Anomalous pattern (ML)"
user_20,2026-04-23 19:28:58.317009,192.168.1.24,Berlin,Success,0,0,19,0,New York,2026-04-23 17:54:58.317009,0,1,20,Low,Anomalous pattern (ML)
user_20,2026-04-23 21:20:58.317009,192.168.1.25,Tokyo,Success,0,0,21,0,Berlin,2026-04-23 19:28:58.317009,0,0,0,Low,Normal activity
user_20,2026-04-23 21:39:58.317009,192.168.1.48,Tokyo,Failed,1,0,21,0,Tokyo,2026-04-23 21:20:58.317009,0,0,0,Low,Normal activity
user_20,2026-04-24 04:12:58.317009,192.168.1.24,Sydney,Success,0,0,4,1,Tokyo,2026-04-23 21:39:58.317009,0,1,30,Medium,"Anomalous pattern (ML), Login at unusual hour"
user_20,2026-04-24 05:30:58.317009,192.168.1.45,New York,Success,0,0,5,1,Sydney,2026-04-24 04:12:58.317009,0,1,30,Medium,"Anomalous pattern (ML), Login at unusual hour"
user_20,2026-04-24 05:31:58.317009,192.168.1.47,London,Success,0,0,5,1,New York,2026-04-24 05:30:58.317009,1,1,60,Medium,"Impossible travel detected, Anomalous pattern (ML), Login at unusual hour"
user_20,2026-04-24 06:52:58.317009,192.168.1.3,Paris,Success,0,0,6,0,London,2026-04-24 05:31:58.317009,0,1,20,Low,Anomalous pattern (ML)
user_3,2026-04-22 03:15:58.317009,192.168.1.100,Berlin,Success,0,0,3,1,,,0,1,30,Medium,"Anomalous pattern (ML), Login at unusual hour"
user_3,2026-04-22 19:00:58.317009,192.168.1.16,Mumbai,Success,0,0,19,0,Berlin,2026-04-22 03:15:58.317009,0,1,20,Low,Anomalous pattern (ML)
user_3,2026-04-22 20:47:58.317009,192.168.1.35,Tokyo,Success,0,0,20,0,Mumbai,2026-04-22 19:00:58.317009,0,1,20,Low,Anomalous pattern (ML)
user_3,2026-04-22 21:41:58.317009,192.168.1.37,Paris,Success,0,0,21,0,Tokyo,2026-04-22 20:47:58.317009,1,1,50,Medium,"Impossible travel detected, Anomalous pattern (ML)"
user_3,2026-04-23 00:20:58.317009,192.168.1.36,Berlin,Success,0,0,0,1,Paris,2026-04-22 21:41:58.317009,0,1,30,Medium,"Anomalous pattern (ML), Login at unusual hour"
user_3,2026-04-23 03:57:58.317009,192.168.1.40,Paris,Failed,1,0,3,1,Berlin,2026-04-23 00:20:58.317009,0,1,30,Medium,"Anomalous pattern (ML), Login at unusual hour"
user_3,2026-04-23 04:13:58.317009,192.168.1.25,Tokyo,Failed,1,0,4,1,Paris,2026-04-23 03:57:58.317009,1,1,60,Medium,"Impossible travel detected, Anomalous pattern (ML), Login at unusual hour"
user_3,2026-04-23 07:10:58.317009,192.168.1.9,Mumbai,Success,0,0,7,0,Tokyo,2026-04-23 04:13:58.317009,0,0,0,Low,Normal activity
user_3,2026-04-23 09:18:58.317009,192.168.1.29,Sydney,Success,0,0,9,0,Mumbai,2026-04-23 07:10:58.317009,0,1,20,Low,Anomalous pattern (ML)
user_3,2026-04-23 10:21:58.317009,192.168.1.15,New York,Success,0,0,10,0,Sydney,2026-04-23 09:18:58.317009,0,1,20,Low,Anomalous pattern (ML)
user_3,2026-04-23 11:55:58.317009,192.168.1.22,London,Success,0,0,11,0,New York,2026-04-23 10:21:58.317009,0,1,20,Low,Anomalous pattern (ML)
user_3,2026-04-23 16:22:58.317009,192.168.1.39,Paris,Success,0,0,16,0,London,2026-04-23 11:55:58.317009,0,1,20,Low,Anomalous pattern (ML)
user_3,2026-04-24 01:14:58.317009,192.168.1.28,Mumbai,Success,0,0,1,1,Paris,2026-04-23 16:22:58.317009,0,1,30,Medium,"Anomalous pattern (ML), Login at unusual hour"
user_3,2026-04-24 04:55:58.317009,192.168.1.44,Sydney,Success,0,0,4,1,Mumbai,2026-04-24 01:14:58.317009,0,1,30,Medium,"Anomalous pattern (ML), Login at unusual hour"
user_3,2026-04-24 04:59:58.317009,192.168.1.23,New York,Failed,1,0,4,1,Sydney,2026-04-24 04:55:58.317009,1,1,60,Medium,"Impossible travel detected, Anomalous pattern (ML), Login at unusual hour"
user_3,2026-04-24 07:05:58.317009,192.168.1.47,Sydney,Success,0,0,7,0,New York,2026-04-24 04:59:58.317009,0,1,20,Low,Anomalous pattern (ML)
user_3,2026-04-24 07:17:58.317009,192.168.1.35,Mumbai,Success,0,0,7,0,Sydney,2026-04-24 07:05:58.317009,1,0,30,Medium,Impossible travel detected
user_3,2026-04-24 08:33:58.317009,192.168.1.19,Paris,Success,0,0,8,0,Mumbai,2026-04-24 07:17:58.317009,0,1,20,Low,Anomalous pattern (ML)
user_4,2026-04-22 17:04:58.317009,192.168.1.31,London,Success,0,0,17,0,,,0,1,20,Low,Anomalous pattern (ML)
user_4,2026-04-22 18:08:58.317009,192.168.1.24,New York,Success,0,0,18,0,London,2026-04-22 17:04:58.317009,0,1,20,Low,Anomalous pattern (ML)
user_4,2026-04-22 19:46:58.317009,192.168.1.4,Sydney,Success,0,0,19,0,New York,2026-04-22 18:08:58.317009,0,1,20,Low,Anomalous pattern (ML)
user_4,2026-04-22 21:22:58.317009,192.168.1.18,Paris,Success,0,0,21,0,Sydney,2026-04-22 19:46:58.317009,0,1,20,Low,Anomalous pattern (ML)
user_4,2026-04-22 23:43:58.317009,192.168.1.23,Sydney,Success,0,0,23,0,Paris,2026-04-22 21:22:58.317009,0,1,20,Low,Anomalous pattern (ML)
user_4,2026-04-23 01:26:58.317009,192.168.1.33,Berlin,Success,0,0,1,1,Sydney,2026-04-22 23:43:58.317009,0,1,30,Medium,"Anomalous pattern (ML), Login at unusual hour"
user_4,2026-04-23 03:05:58.317009,192.168.1.41,London,Success,0,0,3,1,Berlin,2026-04-23 01:26:58.317009,0,1,30,Medium,"Anomalous pattern (ML), Login at unusual hour"
user_4,2026-04-23 05:47:58.317009,192.168.1.43,New York,Success,0,0,5,1,London,2026-04-23 03:05:58.317009,0,1,30,Medium,"Anomalous pattern (ML), Login at unusual hour"
user_4,2026-04-23 09:36:58.317009,192.168.1.34,New York,Failed,1,0,9,0,New York,2026-04-23 05:47:58.317009,0,1,20,Low,Anomalous pattern (ML)
user_4,2026-04-23 10:12:58.317009,192.168.1.46,Sydney,Failed,1,0,10,0,New York,2026-04-23 09:36:58.317009,1,1,50,Medium,"Impossible travel detected, Anomalous pattern (ML)"
user_4,2026-04-23 11:59:58.317009,192.168.1.10,Mumbai,Success,0,0,11,0,Sydney,2026-04-23 10:12:58.317009,0,1,20,Low,Anomalous pattern (ML)
user_4,2026-04-23 12:33:58.317009,192.168.1.26,Berlin,Success,0,0,12,0,Mumbai,2026-04-23 11:59:58.317009,1,1,50,Medium,"Impossible travel detected, Anomalous pattern (ML)"
user_4,2026-04-23 12:43:58.317009,192.168.1.29,London,Success,0,0,12,0,Berlin,2026-04-23 12:33:58.317009,1,1,50,Medium,"Impossible travel detected, Anomalous pattern (ML)"
user_4,2026-04-23 19:39:58.317009,192.168.1.27,New York,Success,0,0,19,0,London,2026-04-23 12:43:58.317009,0,1,20,Low,Anomalous pattern (ML)
user_4,2026-04-24 07:31:58.317009,192.168.1.37,Tokyo,Failed,1,0,7,0,New York,2026-04-23 19:39:58.317009,0,0,0,Low,Normal activity
user_4,2026-04-24 07:56:58.317009,192.168.1.19,Tokyo,Failed,1,0,7,0,Tokyo,2026-04-24 07:31:58.317009,0,0,0,Low,Normal activity
user_4,2026-04-24 08:54:58.317009,192.168.1.5,Paris,Failed,1,1,8,0,Tokyo,2026-04-24 07:56:58.317009,1,1,90,High,"Multiple failed attempts, Impossible travel detected, Anomalous pattern (ML)"
user_5,2026-04-22 16:01:58.317009,192.168.1.47,Paris,Failed,1,0,16,0,,,0,1,20,Low,Anomalous pattern (ML)
user_5,2026-04-22 19:41:58.317009,192.168.1.49,Mumbai,Success,0,0,19,0,Paris,2026-04-22 16:01:58.317009,0,1,20,Low,Anomalous pattern (ML)
user_5,2026-04-22 20:13:58.317009,192.168.1.5,New York,Failed,1,0,20,0,Mumbai,2026-04-22 19:41:58.317009,1,1,50,Medium,"Impossible travel detected, Anomalous pattern (ML)"
user_5,2026-04-22 20:23:58.317009,10.0.0.1,Moscow,Failed,1,1,20,0,New York,2026-04-22 20:13:58.317009,1,0,70,High,"Multiple failed attempts, Impossible travel detected"
user_5,2026-04-22 20:25:58.317009,10.0.0.1,Moscow,Failed,1,1,20,0,Moscow,2026-04-22 20:23:58.317009,0,0,40,Medium,Multiple failed attempts
user_5,2026-04-22 20:27:58.317009,10.0.0.1,Moscow,Failed,1,1,20,0,Moscow,2026-04-22 20:25:58.317009,0,0,40,Medium,Multiple failed attempts
user_5,2026-04-22 20:29:58.317009,10.0.0.1,Moscow,Failed,1,1,20,0,Moscow,2026-04-22 20:27:58.317009,0,0,40,Medium,Multiple failed attempts
user_5,2026-04-22 20:31:58.317009,10.0.0.1,Moscow,Failed,1,1,20,0,Moscow,2026-04-22 20:29:58.317009,0,0,40,Medium,Multiple failed attempts
user_5,2026-04-22 23:51:58.317009,192.168.1.45,Paris,Success,0,1,23,0,Moscow,2026-04-22 20:31:58.317009,0,1,60,Medium,"Multiple failed attempts, Anomalous pattern (ML)"
user_5,2026-04-23 01:53:58.317009,192.168.1.30,Tokyo,Success,0,1,1,1,Paris,2026-04-22 23:51:58.317009,0,1,70,High,"Multiple failed attempts, Anomalous pattern (ML), Login at unusual hour"
user_5,2026-04-23 03:16:58.317009,192.168.1.14,Mumbai,Failed,1,1,3,1,Tokyo,2026-04-23 01:53:58.317009,0,1,70,High,"Multiple failed attempts, Anomalous pattern (ML), Login at unusual hour"
user_5,2026-04-23 04:06:58.317009,192.168.1.49,London,Success,0,0,4,1,Mumbai,2026-04-23 03:16:58.317009,1,1,60,Medium,"Impossible travel detected, Anomalous pattern (ML), Login at unusual hour"
user_5,2026-04-23 08:41:58.317009,192.168.1.30,Sydney,Success,0,0,8,0,London,2026-04-23 04:06:58.317009,0,1,20,Low,Anomalous pattern (ML)
user_5,2026-04-23 17:47:58.317009,192.168.1.12,New York,Success,0,0,17,0,Sydney,2026-04-23 08:41:58.317009,0,1,20,Low,Anomalous pattern (ML)
user_5,2026-04-24 03:04:58.317009,192.168.1.35,New York,Success,0,0,3,1,New York,2026-04-23 17:47:58.317009,0,1,30,Medium,"Anomalous pattern (ML), Login at unusual hour"
user_5,2026-04-24 05:33:58.317009,192.168.1.46,London,Success,0,0,5,1,New York,2026-04-24 03:04:58.317009,0,1,30,Medium,"Anomalous pattern (ML), Login at unusual hour"
user_5,2026-04-24 06:16:58.317009,192.168.1.9,Paris,Success,0,0,6,0,London,2026-04-24 05:33:58.317009,1,1,50,Medium,"Impossible travel detected, Anomalous pattern (ML)"
user_5,2026-04-24 06:25:58.317009,192.168.1.36,Tokyo,Success,0,0,6,0,Paris,2026-04-24 06:16:58.317009,1,1,50,Medium,"Impossible travel detected, Anomalous pattern (ML)"
user_5,2026-04-24 08:11:58.317009,192.168.1.7,Tokyo,Success,0,0,8,0,Tokyo,2026-04-24 06:25:58.317009,0,1,20,Low,Anomalous pattern (ML)
user_6,2026-04-22 16:08:58.317009,192.168.1.38,Berlin,Failed,1,0,16,0,,,0,1,20,Low,Anomalous pattern (ML)
user_6,2026-04-22 16:35:58.317009,192.168.1.33,New York,Success,0,0,16,0,Berlin,2026-04-22 16:08:58.317009,1,1,50,Medium,"Impossible travel detected, Anomalous pattern (ML)"
user_6,2026-04-22 18:12:58.317009,192.168.1.33,Mumbai,Failed,1,0,18,0,New York,2026-04-22 16:35:58.317009,0,1,20,Low,Anomalous pattern (ML)
user_6,2026-04-22 18:26:58.317009,192.168.1.19,London,Success,0,0,18,0,Mumbai,2026-04-22 18:12:58.317009,1,0,30,Medium,Impossible travel detected
user_6,2026-04-22 19:29:58.317009,192.168.1.38,London,Success,0,0,19,0,London,2026-04-22 18:26:58.317009,0,1,20,Low,Anomalous pattern (ML)
user_6,2026-04-23 00:29:58.317009,192.168.1.38,Mumbai,Success,0,0,0,1,London,2026-04-22 19:29:58.317009,0,1,30,Medium,"Anomalous pattern (ML), Login at unusual hour"
user_6,2026-04-23 02:42:58.317009,192.168.1.26,Tokyo,Success,0,0,2,1,Mumbai,2026-04-23 00:29:58.317009,0,1,30,Medium,"Anomalous pattern (ML), Login at unusual hour"
user_6,2026-04-23 10:12:58.317009,192.168.1.17,Berlin,Success,0,0,10,0,Tokyo,2026-04-23 02:42:58.317009,0,0,0,Low,Normal activity
user_6,2026-04-23 10:15:58.317009,192.168.1.20,Paris,Success,0,0,10,0,Berlin,2026-04-23 10:12:58.317009,1,1,50,Medium,"Impossible travel detected, Anomalous pattern (ML)"
user_6,2026-04-23 10:40:58.317009,192.168.1.26,Berlin,Success,0,0,10,0,Paris,2026-04-23 10:15:58.317009,1,0,30,Medium,Impossible travel detected
user_6,2026-04-23 10:41:58.317009,192.168.1.14,Mumbai,Success,0,0,10,0,Berlin,2026-04-23 10:40:58.317009,1,1,50,Medium,"Impossible travel detected, Anomalous pattern (ML)"
user_6,2026-04-23 11:30:58.317009,192.168.1.16,Berlin,Success,0,0,11,0,Mumbai,2026-04-23 10:41:58.317009,1,1,50,Medium,"Impossible travel detected, Anomalous pattern (ML)"
user_6,2026-04-23 12:18:58.317009,192.168.1.45,New York,Success,0,0,12,0,Berlin,2026-04-23 11:30:58.317009,1,1,50,Medium,"Impossible travel detected, Anomalous pattern (ML)"
user_6,2026-04-23 13:09:58.317009,192.168.1.12,London,Success,0,0,13,0,New York,2026-04-23 12:18:58.317009,1,1,50,Medium,"Impossible travel detected, Anomalous pattern (ML)"
user_6,2026-04-23 13:46:58.317009,192.168.1.3,Mumbai,Success,0,0,13,0,London,2026-04-23 13:09:58.317009,1,1,50,Medium,"Impossible travel detected, Anomalous pattern (ML)"
user_6,2026-04-23 14:56:58.317009,192.168.1.47,London,Success,0,0,14,0,Mumbai,2026-04-23 13:46:58.317009,0,1,20,Low,Anomalous pattern (ML)
user_6,2026-04-23 18:13:58.317009,192.168.1.44,London,Success,0,0,18,0,London,2026-04-23 14:56:58.317009,0,0,0,Low,Normal activity
user_6,2026-04-23 20:45:58.317009,192.168.1.33,Sydney,Success,0,0,20,0,London,2026-04-23 18:13:58.317009,0,1,20,Low,Anomalous pattern (ML)
user_6,2026-04-24 00:28:58.317009,192.168.1.18,Sydney,Success,0,0,0,1,Sydney,2026-04-23 20:45:58.317009,0,1,30,Medium,"Anomalous pattern (ML), Login at unusual hour"
user_6,2026-04-24 00:47:58.317009,192.168.1.47,London,Success,0,0,0,1,Sydney,2026-04-24 00:28:58.317009,1,1,60,Medium,"Impossible travel detected, Anomalous pattern (ML), Login at unusual hour"
user_6,2026-04-24 01:09:58.317009,192.168.1.35,Paris,Success,0,0,1,1,London,2026-04-24 00:47:58.317009,1,1,60,Medium,"Impossible travel detected, Anomalous pattern (ML), Login at unusual hour"
user_6,2026-04-24 01:27:58.317009,192.168.1.6,New York,Failed,1,0,1,1,Paris,2026-04-24 01:09:58.317009,1,1,60,Medium,"Impossible travel detected, Anomalous pattern (ML), Login at unusual hour"
user_6,2026-04-24 02:05:58.317009,192.168.1.44,Sydney,Failed,1,0,2,1,New York,2026-04-24 01:27:58.317009,1,0,40,Medium,"Impossible travel detected, Login at unusual hour"
user_6,2026-04-24 02:41:58.317009,192.168.1.22,Sydney,Success,0,0,2,1,Sydney,2026-04-24 02:05:58.317009,0,0,10,Low,Login at unusual hour
user_7,2026-04-22 17:18:58.317009,192.168.1.37,Berlin,Success,0,0,17,0,,,0,1,20,Low,Anomalous pattern (ML)
user_7,2026-04-22 17:33:58.317009,192.168.1.21,New York,Success,0,0,17,0,Berlin,2026-04-22 17:18:58.317009,1,1,50,Medium,"Impossible travel detected, Anomalous pattern (ML)"
user_7,2026-04-22 19:33:58.317009,192.168.1.10,Tokyo,Success,0,0,19,0,New York,2026-04-22 17:33:58.317009,0,1,20,Low,Anomalous pattern (ML)
user_7,2026-04-22 20:22:58.317009,192.168.1.15,London,Success,0,0,20,0,Tokyo,2026-04-22 19:33:58.317009,1,1,50,Medium,"Impossible travel detected, Anomalous pattern (ML)"
user_7,2026-04-23 01:39:58.317009,192.168.1.39,New York,Success,0,0,1,1,London,2026-04-22 20:22:58.317009,0,0,10,Low,Login at unusual hour
user_7,2026-04-23 03:35:58.317009,192.168.1.2,Berlin,Success,0,0,3,1,New York,2026-04-23 01:39:58.317009,0,1,30,Medium,"Anomalous pattern (ML), Login at unusual hour"
user_7,2026-04-23 07:29:58.317009,192.168.1.10,New York,Success,0,0,7,0,Berlin,2026-04-23 03:35:58.317009,0,1,20,Low,Anomalous pattern (ML)
user_7,2026-04-23 11:38:58.317009,192.168.1.21,Paris,Success,0,0,11,0,New York,2026-04-23 07:29:58.317009,0,1,20,Low,Anomalous pattern (ML)
user_7,2026-04-23 21:21:58.317009,192.168.1.36,Berlin,Success,0,0,21,0,Paris,2026-04-23 11:38:58.317009,0,1,20,Low,Anomalous pattern (ML)
user_7,2026-04-23 22:14:58.317009,192.168.1.40,New York,Success,0,0,22,0,Berlin,2026-04-23 21:21:58.317009,1,1,50,Medium,"Impossible travel detected, Anomalous pattern (ML)"
user_7,2026-04-23 22:58:58.317009,192.168.1.3,London,Failed,1,0,22,0,New York,2026-04-23 22:14:58.317009,1,1,50,Medium,"Impossible travel detected, Anomalous pattern (ML)"
user_7,2026-04-24 01:48:58.317009,192.168.1.9,New York,Success,0,0,1,1,London,2026-04-23 22:58:58.317009,0,0,10,Low,Login at unusual hour
user_7,2026-04-24 04:19:58.317009,192.168.1.29,London,Success,0,0,4,1,New York,2026-04-24 01:48:58.317009,0,1,30,Medium,"Anomalous pattern (ML), Login at unusual hour"
user_7,2026-04-24 08:17:58.317009,192.168.1.26,Tokyo,Success,0,0,8,0,London,2026-04-24 04:19:58.317009,0,1,20,Low,Anomalous pattern (ML)
user_8,2026-04-22 20:35:58.317009,192.168.1.11,Berlin,Success,0,0,20,0,,,0,1,20,Low,Anomalous pattern (ML)
user_8,2026-04-22 22:47:58.317009,192.168.1.37,Berlin,Failed,1,0,22,0,Berlin,2026-04-22 20:35:58.317009,0,1,20,Low,Anomalous pattern (ML)
user_8,2026-04-22 23:11:58.317009,192.168.1.11,Berlin,Success,0,0,23,0,Berlin,2026-04-22 22:47:58.317009,0,1,20,Low,Anomalous pattern (ML)
user_8,2026-04-23 01:31:58.317009,192.168.1.46,Tokyo,Success,0,0,1,1,Berlin,2026-04-22 23:11:58.317009,0,1,30,Medium,"Anomalous pattern (ML), Login at unusual hour"
user_8,2026-04-23 02:47:58.317009,192.168.1.15,Berlin,Success,0,0,2,1,Tokyo,2026-04-23 01:31:58.317009,0,1,30,Medium,"Anomalous pattern (ML), Login at unusual hour"
user_8,2026-04-23 03:42:58.317009,192.168.1.46,Sydney,Success,0,0,3,1,Berlin,2026-04-23 02:47:58.317009,1,1,60,Medium,"Impossible travel detected, Anomalous pattern (ML), Login at unusual hour"
user_8,2026-04-23 05:04:58.317009,192.168.1.8,Berlin,Success,0,0,5,1,Sydney,2026-04-23 03:42:58.317009,0,1,30,Medium,"Anomalous pattern (ML), Login at unusual hour"
user_8,2026-04-23 05:31:58.317009,192.168.1.2,Tokyo,Success,0,0,5,1,Berlin,2026-04-23 05:04:58.317009,1,1,60,Medium,"Impossible travel detected, Anomalous pattern (ML), Login at unusual hour"
user_8,2026-04-23 10:27:58.317009,192.168.1.43,Paris,Failed,1,0,10,0,Tokyo,2026-04-23 05:31:58.317009,0,1,20,Low,Anomalous pattern (ML)
user_8,2026-04-23 14:03:58.317009,192.168.1.1,London,Success,0,0,14,0,Paris,2026-04-23 10:27:58.317009,0,1,20,Low,Anomalous pattern (ML)
user_8,2026-04-23 14:09:58.317009,192.168.1.19,Tokyo,Success,0,0,14,0,London,2026-04-23 14:03:58.317009,1,1,50,Medium,"Impossible travel detected, Anomalous pattern (ML)"
user_8,2026-04-23 15:21:58.317009,192.168.1.32,Mumbai,Success,0,0,15,0,Tokyo,2026-04-23 14:09:58.317009,0,1,20,Low,Anomalous pattern (ML)
user_8,2026-04-23 17:15:58.317009,192.168.1.34,Paris,Success,0,0,17,0,Mumbai,2026-04-23 15:21:58.317009,0,1,20,Low,Anomalous pattern (ML)
user_8,2026-04-23 17:45:58.317009,192.168.1.4,Berlin,Success,0,0,17,0,Paris,2026-04-23 17:15:58.317009,1,1,50,Medium,"Impossible travel detected, Anomalous pattern (ML)"
user_8,2026-04-23 20:32:58.317009,192.168.1.43,Tokyo,Failed,1,0,20,0,Berlin,2026-04-23 17:45:58.317009,0,1,20,Low,Anomalous pattern (ML)
user_8,2026-04-24 00:10:58.317009,192.168.1.4,London,Failed,1,0,0,1,Tokyo,2026-04-23 20:32:58.317009,0,1,30,Medium,"Anomalous pattern (ML), Login at unusual hour"
user_8,2026-04-24 06:12:58.317009,192.168.1.26,Paris,Success,0,0,6,0,London,2026-04-24 00:10:58.317009,0,1,20,Low,Anomalous pattern (ML)
user_8,2026-04-24 06:23:58.317009,192.168.1.44,Mumbai,Success,0,0,6,0,Paris,2026-04-24 06:12:58.317009,1,1,50,Medium,"Impossible travel detected, Anomalous pattern (ML)"
user_9,2026-04-22 15:29:58.317009,192.168.1.38,Mumbai,Success,0,0,15,0,,,0,0,0,Low,Normal activity
user_9,2026-04-22 16:28:58.317009,192.168.1.39,Berlin,Success,0,0,16,0,Mumbai,2026-04-22 15:29:58.317009,1,1,50,Medium,"Impossible travel detected, Anomalous pattern (ML)"
user_9,2026-04-22 18:03:58.317009,192.168.1.20,Tokyo,Success,0,0,18,0,Berlin,2026-04-22 16:28:58.317009,0,1,20,Low,Anomalous pattern (ML)
user_9,2026-04-22 19:08:58.317009,192.168.1.10,Paris,Success,0,0,19,0,Tokyo,2026-04-22 18:03:58.317009,0,1,20,Low,Anomalous pattern (ML)
user_9,2026-04-23 00:01:58.317009,192.168.1.10,New York,Success,0,0,0,1,Paris,2026-04-22 19:08:58.317009,0,1,30,Medium,"Anomalous pattern (ML), Login at unusual hour"
user_9,2026-04-23 00:42:58.317009,192.168.1.34,Berlin,Success,0,0,0,1,New York,2026-04-23 00:01:58.317009,1,1,60,Medium,"Impossible travel detected, Anomalous pattern (ML), Login at unusual hour"
user_9,2026-04-23 02:48:58.317009,192.168.1.5,Sydney,Success,0,0,2,1,Berlin,2026-04-23 00:42:58.317009,0,1,30,Medium,"Anomalous pattern (ML), Login at unusual hour"
user_9,2026-04-23 04:50:58.317009,192.168.1.44,Mumbai,Success,0,0,4,1,Sydney,2026-04-23 02:48:58.317009,0,1,30,Medium,"Anomalous pattern (ML), Login at unusual hour"
user_9,2026-04-23 08:29:58.317009,192.168.1.22,Berlin,Success,0,0,8,0,Mumbai,2026-04-23 04:50:58.317009,0,1,20,Low,Anomalous pattern (ML)
user_9,2026-04-23 08:38:58.317009,192.168.1.27,New York,Success,0,0,8,0,Berlin,2026-04-23 08:29:58.317009,1,1,50,Medium,"Impossible travel detected, Anomalous pattern (ML)"
user_9,2026-04-23 09:28:58.317009,192.168.1.42,Mumbai,Success,0,0,9,0,New York,2026-04-23 08:38:58.317009,1,1,50,Medium,"Impossible travel detected, Anomalous pattern (ML)"
user_9,2026-04-23 10:54:58.317009,192.168.1.39,Mumbai,Success,0,0,10,0,Mumbai,2026-04-23 09:28:58.317009,0,1,20,Low,Anomalous pattern (ML)
user_9,2026-04-23 11:04:58.317009,192.168.1.19,New York,Failed,1,0,11,0,Mumbai,2026-04-23 10:54:58.317009,1,0,30,Medium,Impossible travel detected
user_9,2026-04-23 11:23:58.317009,192.168.1.22,New York,Success,0,0,11,0,New York,2026-04-23 11:04:58.317009,0,0,0,Low,Normal activity
user_9,2026-04-23 13:07:58.317009,192.168.1.34,Mumbai,Success,0,0,13,0,New York,2026-04-23 11:23:58.317009,0,1,20,Low,Anomalous pattern (ML)
user_9,2026-04-23 13:11:58.317009,192.168.1.11,Paris,Failed,1,0,13,0,Mumbai,2026-04-23 13:07:58.317009,1,1,50,Medium,"Impossible travel detected, Anomalous pattern (ML)"
user_9,2026-04-23 13:28:58.317009,192.168.1.26,New York,Success,0,0,13,0,Paris,2026-04-23 13:11:58.317009,1,1,50,Medium,"Impossible travel detected, Anomalous pattern (ML)"
user_9,2026-04-23 15:42:58.317009,192.168.1.32,Mumbai,Success,0,0,15,0,New York,2026-04-23 13:28:58.317009,0,0,0,Low,Normal activity
user_9,2026-04-23 15:58:58.317009,192.168.1.40,New York,Success,0,0,15,0,Mumbai,2026-04-23 15:42:58.317009,1,1,50,Medium,"Impossible travel detected, Anomalous pattern (ML)"
user_9,2026-04-23 18:03:58.317009,192.168.1.49,Sydney,Success,0,0,18,0,New York,2026-04-23 15:58:58.317009,0,1,20,Low,Anomalous pattern (ML)
user_9,2026-04-23 19:04:58.317009,192.168.1.24,Mumbai,Success,0,0,19,0,Sydney,2026-04-23 18:03:58.317009,0,0,0,Low,Normal activity
user_9,2026-04-23 19:39:58.317009,192.168.1.42,Mumbai,Success,0,0,19,0,Mumbai,2026-04-23 19:04:58.317009,0,0,0,Low,Normal activity
user_9,2026-04-23 20:43:58.317009,192.168.1.39,Tokyo,Success,0,0,20,0,Mumbai,2026-04-23 19:39:58.317009,0,1,20,Low,Anomalous pattern (ML)
user_9,2026-04-23 21:16:58.317009,192.168.1.33,Tokyo,Success,0,0,21,0,Tokyo,2026-04-23 20:43:58.317009,0,1,20,Low,Anomalous pattern (ML)
user_9,2026-04-23 21:47:58.317009,192.168.1.27,Berlin,Failed,1,0,21,0,Tokyo,2026-04-23 21:16:58.317009,1,1,50,Medium,"Impossible travel detected, Anomalous pattern (ML)"
user_9,2026-04-23 21:52:58.317009,192.168.1.15,Paris,Failed,1,0,21,0,Berlin,2026-04-23 21:47:58.317009,1,1,50,Medium,"Impossible travel detected, Anomalous pattern (ML)"
user_9,2026-04-23 23:55:58.317009,192.168.1.12,Berlin,Failed,1,1,23,0,Paris,2026-04-23 21:52:58.317009,0,1,60,Medium,"Multiple failed attempts, Anomalous pattern (ML)"
user_9,2026-04-24 02:34:58.317009,192.168.1.41,London,Success,0,1,2,1,Berlin,2026-04-23 23:55:58.317009,0,1,70,High,"Multiple failed attempts, Anomalous pattern (ML), Login at unusual hour"
user_9,2026-04-24 03:24:58.317009,192.168.1.33,Mumbai,Failed,1,1,3,1,London,2026-04-24 02:34:58.317009,1,1,100,High,"Multiple failed attempts, Impossible travel detected, Anomalous pattern (ML), Login at unusual hour"
user_9,2026-04-24 03:38:58.317009,192.168.1.7,Tokyo,Failed,1,1,3,1,Mumbai,2026-04-24 03:24:58.317009,1,1,100,High,"Multiple failed attempts, Impossible travel detected, Anomalous pattern (ML), Login at unusual hour"
user_9,2026-04-24 07:23:58.317009,192.168.1.20,Tokyo,Success,0,1,7,0,Tokyo,2026-04-24 03:38:58.317009,0,1,60,Medium,"Multiple failed attempts, Anomalous pattern (ML)"
user_9,2026-04-24 08:45:58.317009,192.168.1.45,Tokyo,Success,0,0,8,0,Tokyo,2026-04-24 07:23:58.317009,0,1,20,Low,Anomalous pattern (ML)
